20.132,253.29,0.765,32.94,0.89762,22.62,0.054559,1
19.24,192.8,1.0706,32.701,0.91045,31.875,0.101,1
18.491,141.91,0.9797,32.943,0.89227,28.798,0.12398,1
17.736,90.67,0.549,33.377,0.89585,16.416,0.11061,1
16.358,42.038,0.7869,33.631,0.89215,23.61,0.34312,1
16.215,32.942,0.3292,33.43,0.90554,9.9655,0.18482,1
12.305,92.277,3.3868,31.134,0.94868,100.03,0.6623,1
12.45,98.363,3.832,30.666,0.96274,113.13,0.70268,1
12.812,113.52,4.3215,31.452,0.92699,126,0.6781,1
15.623,231.17,4.611,32.532,0.88908,133.37,0.35247,1
21.614,481.9,5.7902,31.899,0.90372,166.92,0.21162,1
23.547,587.37,7.27,30.377,0.96736,213.63,0.22221,1
25.42,671.04,3.0246,31.592,0.93257,89.109,0.081129,1
27.015,742.3,6.9528,31.872,0.94235,208.82,0.17187,1
28.385,803.51,7.524,32.293,0.90307,219.42,0.16684,1
29.507,853.61,7.6322,32.548,0.87566,217.53,0.15569,1
30.413,894.12,8.0642,33.085,0.86149,229.85,0.15705,1
30.699,934.61,8.2253,33.126,0.83901,228.61,0.14944,1
31.385,969.61,8.6561,33.055,0.84151,240.78,0.15172,1
31.944,998.17,9.2178,31.136,0.85161,244.42,0.1496,1
32.45,1024,3.0754,32.428,0.84844,84.613,0.050482,1
32.874,1045.7,2.823,32.367,0.8628,78.836,0.04606,1
33.223,1063.5,1.9301,32.458,0.90765,56.861,0.032665,1
36.71,1076.8,1.6509,32.951,0.90741,49.362,0.028006,1
36.942,1087.6,2.1746,33.18,0.91262,65.848,0.036989,1
37.101,1095,3.0812,32.654,0.87472,88.01,0.049104,1
37.187,1099,2.1271,32.659,0.8901,61.835,0.034376,1
37.212,1100.1,4.21,32.78,0.89219,123.13,0.068376,1
37.174,1098.3,2.8177,33.003,0.88897,82.668,0.045984,1
34.812,1093.6,10.846,32.798,0.88579,315.11,0.17604,1
34.493,1077.3,3.4384,32.679,0.89099,100.12,0.056778,1
34.309,1067.9,2.2419,32.918,0.90005,66.422,0.038,1
34.063,1055.3,0.8092,33.271,0.89901,24.204,0.014012,1
33.767,1040.2,1.9495,34.102,0.88365,58.746,0.034504,1
33.422,1022.6,2.3282,33.248,0.90454,70.018,0.041833,1
36.015,1010.3,0.9694,33.457,0.91159,29.565,0.017878,1
35.504,987.52,1.705,33.109,0.91436,51.617,0.031934,1
34.943,962.46,2.408,33.283,0.91105,73.016,0.046349,1
34.37,936.83,3.3604,33.355,0.90308,101.22,0.066012,1
33.715,907.58,2.4513,33.344,0.90629,74.076,0.049865,1
33.034,877.15,3.5037,33.709,0.86949,102.69,0.071525,1
31.789,843.87,8.8502,33.171,0.83768,245.91,0.17804,1
31.032,808.78,1.5704,33.181,0.85147,44.368,0.033515,1
30.286,774.15,1.5282,33.019,0.89625,45.224,0.03569,1
29.459,735.79,2.2399,32.844,0.89807,66.068,0.054858,1
28.597,695.8,1.9669,32.957,0.90887,58.916,0.051731,1
27.757,656.81,5.7559,33.351,0.89046,170.94,0.159,1
25.813,614.12,2.9275,33.594,0.88661,87.195,0.086744,1
24.925,570.15,2.5946,33.274,0.9178,79.236,0.084905,1
24.012,525.02,4.7564,33.305,0.91321,144.66,0.16834,1
23.134,481.57,1.6026,33.275,0.91692,48.897,0.062033,1
22.18,434.39,1.5955,33.374,0.90771,48.334,0.06798,1
21.238,387.77,1.1396,33.405,0.89485,34.065,0.053671,1
20.039,339.07,1.2346,35.434,0.86019,37.631,0.067806,1
19.072,289.7,0.8083,33.582,0.90677,24.613,0.051908,1
18.151,242.64,0.9066,33.537,0.90487,27.512,0.069273,1
17.164,192.25,0.8674,33.283,0.89549,25.852,0.082157,1
16.171,141.52,0.5585,33.37,0.90692,16.902,0.072968,1
15.168,90.279,0.4428,33.41,0.8947,13.236,0.089574,1
10.752,92.947,0.8381,32.223,0.96308,26.009,0.17096,1
10.913,99.047,0.7918,32.776,0.93274,24.207,0.14931,1
11.623,125.96,3.2489,32.633,0.97262,103.12,0.50014,1
14.875,249.23,4.6932,32.418,0.93216,141.82,0.34765,1
18.374,381.86,5.3916,32.466,0.927,162.26,0.25961,1
21.357,494.95,3.1291,32.744,0.94259,96.579,0.11921,1
24.704,599.67,4.7184,32.722,0.91714,141.6,0.14427,1
26.674,676.88,3.0907,32.811,0.91032,92.313,0.083321,1
28.466,747.1,3.3562,33.508,0.88732,99.787,0.081601,1
29.973,806.14,5.5989,32.867,0.91434,168.26,0.12752,1
31.317,858.81,7.0478,33.026,0.90649,210.99,0.1501,1
32.365,899.89,7.6492,32.919,0.89133,224.44,0.15238,1
33.546,937.42,7.5137,32.969,0.87889,217.72,0.14189,1
34.402,972.05,7.752,32.87,0.88303,225.01,0.14142,1
35.138,1001.9,8.0754,33.237,0.86163,231.27,0.14103,1
35.73,1025.9,8.3439,32.95,0.87786,241.35,0.14374,1
36.26,1047.3,4.172,33.105,0.87726,121.16,0.070678,1
36.695,1065,10.228,32.93,0.85421,287.69,0.16505,1
34.303,1078.2,10.012,33.137,0.85164,282.54,0.1601,1
34.524,1088.8,10.112,32.836,0.84889,281.87,0.15816,1
34.673,1095.9,9.9013,33.584,0.83666,278.21,0.1551,1
34.758,1100,9.7659,32.582,0.88182,280.58,0.15584,1
34.777,1100.9,10.517,33.091,0.85528,297.64,0.16518,1
34.737,1099,1.7575,33.056,0.88126,51.197,0.028461,1
35.047,1085.1,4.1645,32.262,0.92169,123.83,0.069721,1
34.892,1077.7,10.001,32.147,0.88196,283.56,0.16075,1
34.694,1068.2,9.9096,32.557,0.88206,284.57,0.16276,1
34.43,1055.5,4.0055,32.461,0.85889,111.68,0.064639,1
34.112,1040.3,2.0887,32.535,0.91649,62.28,0.036575,1
33.742,1022.6,9.5986,32.41,0.85818,266.97,0.1595,1
32.055,1003.9,7.5789,32.337,0.87395,214.19,0.13035,1
31.722,986.86,9.4726,32.471,0.86574,266.29,0.16486,1
31.257,963.11,8.8923,32.831,0.84981,248.1,0.15738,1
30.723,935.83,10.007,32.464,0.86256,280.21,0.18293,1
30.148,906.47,2.479,32.423,0.91517,73.557,0.049577,1
29.569,876.9,10.105,32.364,0.85475,279.52,0.19475,1
30.607,843.64,10.025,32.516,0.89471,291.66,0.21121,1
29.875,808.53,3.1663,32.431,0.89547,91.954,0.069483,1
29.153,773.94,2.4658,32.533,0.88486,70.984,0.056034,1
28.351,735.51,2.605,32.527,0.86943,73.67,0.061194,1
27.54,696.64,7.0726,32.216,0.92499,210.76,0.18483,1
26.673,655.14,7.5963,32.343,0.91497,224.79,0.20963,1
25.776,612.27,6.9177,32.462,0.89836,201.74,0.20131,1
24.935,570.68,6.5006,32.913,0.89791,192.11,0.20567,1
24.022,525.51,5.6795,32.74,0.92034,171.13,0.19896,1
23.088,479.27,5.5609,32.796,0.90232,164.56,0.20977,1
22.19,434.88,4.9658,32.352,0.91386,146.82,0.20626,1
21.222,386.96,4.4797,32.731,0.91185,133.7,0.21109,1
20.459,338.21,4.022,32.423,0.9342,121.82,0.22007,1
19.489,291.73,3.7193,32.625,0.92816,112.63,0.23586,1
18.448,241.88,3.2798,32.805,0.93444,100.54,0.25395,1
17.425,192.88,2.9065,32.87,0.92065,87.955,0.2786,1
16.363,141.98,2.4637,32.664,0.9366,75.373,0.32433,1
15.296,90.838,2.0788,32.735,0.9278,63.136,0.42463,1
13.258,42.47,1.6592,32.636,0.92955,50.336,0.7241,1
13.09,34.113,1.1317,32.814,0.98455,36.562,0.6548,1
12.889,24.181,0.4048,32.71,0.97288,12.882,0.32547,1
11.262,93.677,3.4058,32.677,0.92997,103.5,0.675,1
11.438,99.872,3.7812,33.51,0.89623,113.56,0.69468,1
12.356,132.19,4.1265,32.439,0.92896,124.35,0.57469,1
15.894,256.71,4.5243,32.772,0.91187,135.2,0.32177,1
19.84,395.58,4.929,33.426,0.88985,146.61,0.22642,1
22.994,506.61,5.3565,32.883,0.88709,156.25,0.18843,1
27.712,609.31,5.7179,33.44,0.88051,168.36,0.16881,1
29.863,685.02,6.0285,32.444,0.88592,173.28,0.15454,1
31.823,753.99,6.3221,32.187,0.88436,179.95,0.14582,1
33.512,813.43,6.6843,32.49,0.88628,192.47,0.14456,1
34.895,862.12,7.0342,32.76,0.87518,201.68,0.14292,1
36.045,902.6,7.301,32.555,0.86736,206.16,0.13954,1
34.904,941.88,7.5129,33.202,0.85414,213.06,0.1382,1
35.673,974.05,7.6777,33.104,0.86443,219.7,0.1378,1
36.379,1003.6,7.8908,35.354,0.79889,222.87,0.13567,1
36.966,1028.2,8.2447,33.337,0.84876,233.29,0.13862,1
37.473,1049.4,8.4958,33.568,0.84468,240.89,0.14025,1
37.888,1066.7,8.5392,33.313,0.82861,235.71,0.135,1
40.455,1079.7,8.7106,32.285,0.84639,238.03,0.13468,1
40.72,1090.1,8.8325,33.562,0.83048,246.19,0.13797,1
40.899,1097.1,8.8572,33.225,0.82765,243.56,0.13563,1
40.992,1100.8,8.9522,32.824,0.84527,248.38,0.13785,1
41.014,1101.6,8.9572,33.1,0.82137,243.52,0.13506,1
40.958,1099.4,9.0419,32.164,0.83962,244.18,0.13569,1
37.702,1085.7,9.331,32.476,0.84731,256.77,0.14449,1
37.539,1078.4,9.9476,32.844,0.8482,277.12,0.15699,1
37.312,1068.3,9.6226,32.558,0.8381,262.57,0.15016,1
37.024,1055.4,9.7299,32.61,0.82775,262.64,0.15203,1
36.702,1041,3.5665,32.029,0.87269,99.689,0.058505,1
36.305,1023.3,3.0729,31.958,0.89387,87.781,0.052408,1
32.678,1003.2,3.3282,33.031,0.88382,97.161,0.059171,1
32.344,986.71,4.077,32.669,0.87991,117.2,0.072565,1
31.865,963,5.5308,32.26,0.85867,153.21,0.097198,1
31.314,935.71,2.8301,32.412,0.91736,84.149,0.054943,1
30.718,906.22,8.538,31.55,0.90959,245.02,0.16519,1
30.12,876.67,8.5132,31.982,0.87353,237.84,0.16575,1
30.101,843.33,8.0969,32.52,0.8637,227.42,0.16475,1
29.389,809.2,7.8495,32.506,0.86689,221.19,0.167,1
28.619,772.3,5.9628,32.567,0.85607,166.24,0.13151,1
27.812,733.68,7.9275,32.69,0.84502,218.99,0.18236,1
27.025,695.95,1.9846,32.456,0.87952,56.651,0.049732,1
26.163,654.64,1.9887,32.482,0.89299,57.684,0.053834,1
26.547,611.77,6.292,32.404,0.90031,183.56,0.18331,1
25.589,570.34,6.7162,32.71,0.86555,190.15,0.20369,1
24.546,525.26,0.9128,32.648,0.89931,26.801,0.031173,1
23.478,479.05,0.7844,32.418,0.9006,22.901,0.029207,1
22.454,434.77,1.3473,35.739,0.85301,41.074,0.057718,1
21.347,386.89,1.3812,33.063,0.9139,41.735,0.065904,1
18.264,339.56,1.1602,33.079,0.91268,35.027,0.063022,1
17.266,290.23,1.7256,33.086,0.92949,53.067,0.11171,1
16.258,240.34,1.4865,32.784,0.9263,45.142,0.11475,1
15.3,192.96,1.8351,32.86,0.92492,55.774,0.17659,1
14.278,142.41,0.6031,33.171,0.88533,17.712,0.075986,1
13.248,91.44,0.4606,33.282,0.89664,13.745,0.091838,1
10.33,94.345,2.2378,32.331,0.97664,70.661,0.45758,1
10.475,100.25,2.2605,32.863,0.94846,70.459,0.42938,1
11.47,140.52,2.3832,32.974,0.94424,74.202,0.32262,1
14.738,272.88,2.3576,33.214,0.93874,73.508,0.16457,1
20.886,521.89,3.3129,33.056,0.92896,101.73,0.11909,1
23.584,613.38,2.3873,33.066,0.94289,74.43,0.074135,1
25.41,692.34,2.7788,32.926,0.94356,86.331,0.076182,1
26.976,760.07,3.1113,32.882,0.93825,95.988,0.077156,1
28.254,815.32,6.8971,32.978,0.90686,206.27,0.15456,1
29.437,866.5,7.88,32.958,0.89075,231.34,0.16311,1
30.334,905.3,7.3349,33.124,0.89967,218.58,0.14751,1
32.234,944.19,7.6037,33.155,0.89372,225.31,0.14579,1
33.015,977.96,7.7037,32.985,0.89001,226.16,0.14128,1
33.651,1005.5,8.0857,33.179,0.87641,235.12,0.14286,1
34.227,1030.4,8.5793,33.136,0.87855,249.76,0.14808,1
34.71,1051.3,8.9882,33.254,0.88515,264.57,0.15375,1
35.084,1067.4,8.9935,33.539,0.85237,257.11,0.14715,1
37.99,1081.1,8.856,33.417,0.84561,250.25,0.14142,1
38.249,1091.2,9.1608,32.988,0.85349,257.92,0.1444,1
38.415,1097.8,9.0576,32.922,0.85681,255.5,0.14219,1
38.512,1101.6,9.1938,32.896,0.85841,259.62,0.14399,1
38.53,1102.2,9.1699,32.944,0.84514,255.31,0.14151,1
38.236,1090.7,9.3178,33.035,0.8353,257.11,0.14402,1
34.704,1085.8,9.2579,33.024,0.84099,257.12,0.14467,1
34.543,1078.6,9.4189,33.092,0.84344,262.9,0.14891,1
34.313,1068.3,9.3355,33.244,0.84983,263.74,0.15083,1
34.038,1056,9.2463,33.351,0.84379,260.21,0.15054,1
33.703,1041.1,9.3066,33.341,0.84043,260.78,0.15304,1
33.305,1023.3,10.215,33.009,0.83256,280.73,0.16761,1
34.032,1003.7,9.7316,33.1,0.84663,272.71,0.166,1
33.548,981.19,2.8057,33.49,0.85443,80.285,0.04999,1
33.131,961.81,9.7217,33.108,0.84873,273.17,0.17352,1
32.573,935.94,9.4755,33.014,0.8495,265.75,0.17347,1
31.94,906.55,7.3539,33.338,0.89317,218.97,0.14757,1
31.263,875.15,3.2881,33.204,0.89281,97.474,0.068047,1
27.621,843.79,4.4929,33.206,0.93102,138.9,0.10057,1
26.935,808.74,2.4563,33.603,0.87706,72.392,0.054687,1
26.215,771.95,8.2034,33.149,0.87628,238.29,0.18859,1
25.462,733.51,2.0247,33.567,0.85057,57.807,0.048148,1
24.725,695.86,1.9797,33.454,0.89751,59.441,0.052188,1
23.936,655.6,3.3067,33.432,0.90295,99.822,0.093023,1
22.192,568.92,2.1878,33.947,0.87972,65.337,0.070163,1
21.334,523.69,6.1755,34.187,0.89318,188.57,0.21999,1
20.508,480.15,6.2354,33.28,0.90059,186.89,0.2378,1
19.616,433.13,4.8815,33.246,0.91602,148.66,0.20969,1
18.708,385.27,1.4555,33.417,0.89883,43.717,0.069324,1
19.717,339.49,1.37,33.464,0.91126,41.778,0.075183,1
18.657,290.3,2.1374,33.485,0.90521,64.787,0.13635,1
17.585,240.56,2.498,33.654,0.94201,79.192,0.20112,1
16.505,190.45,1.1326,33.783,0.9058,34.658,0.11118,1
15.478,142.79,1.933,33.727,0.92406,60.244,0.25776,1
14.41,93.265,0.772,33.889,0.89428,23.396,0.15326,1
12.897,43.002,0.5234,33.87,0.90762,16.09,0.2286,1
12.733,35.139,0.4193,33.894,0.89495,12.719,0.22113,1
12.528,25.321,0.2809,33.733,0.89631,8.493,0.20492,1
9.6084,95.082,3.2055,31.903,0.97455,99.663,0.64038,1
9.7616,100.89,3.6577,32.584,0.95002,113.23,0.68565,1
11.143,153.26,4.219,32.642,0.92059,126.78,0.50538,1
14.757,290.23,5.1252,32.166,0.97194,160.23,0.33729,1
18.145,418.67,2.5422,32.518,0.94795,78.365,0.11436,1
21.173,533.47,2.9296,32.543,0.92749,88.426,0.10127,1
25.422,624.09,5.3933,32.764,0.92544,163.53,0.16009,1
27.413,697.09,6.2061,32.767,0.91384,185.84,0.16287,1
29.236,763.94,6.4035,32.65,0.90788,189.82,0.1518,1
30.813,821.74,6.6191,32.74,0.894,193.74,0.14404,1
32.055,867.28,7.0891,32.659,0.88956,205.95,0.14508,1
33.186,908.77,7.1077,32.905,0.88244,206.38,0.13874,1
32.577,946.12,7.778,32.629,0.87113,221.09,0.14276,1
33.327,979.62,7.9556,32.557,0.8762,226.95,0.14154,1
33.973,1008.5,9.3405,32.95,0.87706,269.93,0.16353,1
34.493,1031.7,8.794,32.71,0.88491,254.55,0.15074,1
34.957,1052.4,9.4045,33.845,0.8495,270.39,0.15697,1
35.335,1069.3,9.1959,32.909,0.88472,267.74,0.15297,1
34.695,1082.6,10.014,33.202,0.85889,285.58,0.16116,1
34.891,1092,9.6593,33.146,0.89069,285.17,0.15954,1
35.032,1098.7,9.8059,33.066,0.86052,279.01,0.15514,1
35.106,1102.3,10.138,33.241,0.84689,285.4,0.15818,1
35.116,1102.8,4.5073,33.094,0.85762,127.93,0.070873,1
34.875,1091.2,2.1754,33.434,0.89117,64.817,0.036289,1
34.072,1086.3,2.6207,33.701,0.92417,81.622,0.045905,1
33.911,1078.6,9.4553,33.671,0.88063,280.36,0.15881,1
33.692,1068.1,9.675,33.523,0.84961,275.56,0.15761,1
33.437,1055.9,2.3274,33.266,0.84081,65.099,0.037667,1
33.115,1040.4,7.5191,33.468,0.85222,214.46,0.12593,1
32.74,1022.5,10.185,33.231,0.89348,302.42,0.1807,1
33.047,1003.4,11.502,33.425,0.88211,339.13,0.20648,1
32.607,980.95,1.8359,33.4,0.89433,54.84,0.034155,1
32.226,961.54,9.0567,33.651,0.86689,264.2,0.16787,1
31.722,935.77,1.3234,33.754,0.84852,37.904,0.024747,1
31.146,906.36,0.8856,33.538,0.90073,26.753,0.018033,1
30.547,875.73,1.171,33.65,0.91248,35.955,0.025084,1
28.893,842.33,8.2336,33.976,0.87301,244.22,0.17713,1
28.203,807.09,8.1745,33.03,0.87972,237.53,0.1798,1
27.524,772.46,1.6534,32.954,0.85818,46.759,0.036983,1
26.771,733.99,7.3101,33.536,0.85964,210.74,0.17542,1
25.988,693.97,7.5562,32.816,0.87962,218.11,0.19202,1
25.226,655.05,2.5125,33.174,0.88825,74.036,0.069052,1
23.656,612.38,0.9042,33.09,0.89516,26.783,0.026721,1
22.849,568.46,0.6369,33.343,0.90373,19.192,0.020626,1
22.02,523.33,2.0846,33.257,0.92431,64.08,0.074809,1
21.223,479.97,1.8677,33.114,0.92554,57.242,0.072863,1
20.382,434.24,1.501,32.942,0.91731,45.358,0.063815,1
19.502,386.37,1.3453,33.009,0.91594,40.675,0.064317,1
19.68,337.77,2.0218,32.604,0.93096,61.368,0.111,1
18.621,288.62,1.8475,32.497,0.94493,56.732,0.12009,1
17.612,241.8,0.6233,32.859,0.9118,18.674,0.047184,1
16.532,191.7,0.9694,33.008,0.92944,29.741,0.094785,1
15.444,141.22,0.8682,32.91,0.92394,26.399,0.11421,1
14.412,93.365,0.7162,32.807,0.92231,21.671,0.14181,1
12.979,43.495,0.4457,32.727,0.91907,13.406,0.18831,1
12.822,35.724,0.5543,32.969,0.91453,16.713,0.28582,1
12.625,25.974,0.4606,33.379,0.90456,13.907,0.32712,1
12.123,95.831,3.3686,33.638,0.90155,102.16,0.65129,1
12.296,101.91,3.7784,32.226,0.94209,114.71,0.68766,1
14.309,172.79,4.1418,32.474,0.93514,125.78,0.44472,1
18.002,302.74,4.5057,32.407,0.92343,134.84,0.27211,1
21.782,435.79,4.8691,32.438,0.91889,145.14,0.20347,1
24.808,542.3,5.3458,32.511,0.90428,157.16,0.17706,1
28.336,631.26,5.6601,31.355,0.92302,163.81,0.15854,1
32.25,769.02,6.2391,30.629,0.9394,179.52,0.14262,1
33.897,826.99,6.6629,31.661,0.89242,188.26,0.13908,1
35.099,869.3,6.8186,32.575,0.89512,198.82,0.13973,1
36.335,912.78,7.2556,32.686,0.88993,211.05,0.14126,1
34.114,950.66,7.5405,32.632,0.85446,210.25,0.13512,1
34.856,981.72,7.7338,32.08,0.88288,219.04,0.13631,1
35.538,1010.3,7.9564,31.874,0.88106,223.44,0.13512,1
36.119,1034.6,8.1022,32.728,0.84861,225.03,0.13289,1
36.604,1054.9,8.2026,32.316,0.87374,231.61,0.13414,1
36.979,1070.6,8.4727,32.874,0.85506,238.16,0.13591,1
38.787,1083.5,8.6053,33.911,0.83677,244.18,0.13769,1
39.023,1093.3,8.6272,33.601,0.81998,237.7,0.13283,1
39.179,1099.9,8.8841,33.379,0.83643,248.03,0.13778,1
39.257,1103.1,8.8374,33.198,0.83242,244.22,0.13526,1
39.04,1094,8.9679,32.955,0.83633,247.16,0.13803,1
38.984,1091.7,9.1203,33.061,0.83307,251.19,0.14057,1
37.729,1086.9,9.0485,32.968,0.84438,251.88,0.14158,1
37.554,1079.1,9.0307,33.008,0.83639,249.31,0.14115,1
37.32,1068.6,9.1691,32.693,0.84463,253.19,0.14475,1
37.045,1056.3,8.8767,32.695,0.82406,239.16,0.13832,1
36.698,1040.9,8.8767,32.806,0.84885,247.2,0.14509,1
36.307,1023.4,8.8915,30.792,0.87323,239.08,0.14273,1
36.852,1003,8.6714,31.262,0.85878,232.8,0.1418,1
36.344,980.38,8.3975,31.44,0.86696,228.89,0.14264,1
35.82,956.95,8.2683,31.472,0.85938,223.63,0.14277,1
35.325,934.84,8.4541,31.675,0.85459,228.85,0.14956,1
34.663,905.28,8.1134,31.595,0.8571,219.71,0.14828,1
34,875.63,7.8784,31.519,0.84797,210.57,0.14692,1
32.751,842.26,7.6839,31.486,0.86319,208.84,0.15148,1
31.969,807.13,7.5137,31.382,0.86174,203.19,0.15381,1
31.196,772.42,7.2295,31.979,0.85089,196.72,0.15559,1
30.34,733.95,6.8814,31.395,0.85406,184.51,0.15359,1
29.473,695,6.6088,31.142,0.87866,180.84,0.15897,1
28.549,653.51,6.235,31.165,0.88708,172.37,0.16115,1
29.478,610.66,5.9422,31.4,0.88906,165.89,0.16596,1
28.454,569.19,4.9868,31.779,0.87698,138.98,0.14917,1
27.341,524.1,5.9417,31.614,0.87383,164.14,0.19134,1
26.204,478.04,4.9691,31.841,0.88303,139.72,0.17856,1
25.111,433.78,4.7101,32.044,0.8907,134.44,0.18934,1
23.931,386.02,4.2822,32.821,0.8789,123.53,0.1955,1
24.014,337.53,3.8638,32.123,0.90795,112.69,0.20397,1
22.759,288.35,3.4252,32.317,0.9107,100.81,0.21359,1
21.565,241.57,3.0485,32.288,0.92091,90.646,0.22925,1
20.322,192.85,2.5814,32.498,0.90921,76.274,0.24164,1
17.79,93.668,1.7831,31.995,0.93885,53.562,0.34936,1
15.946,43.76,1.4146,32.859,0.91026,42.311,0.59071,1
15.763,36.126,1.0272,33.021,0.91898,31.171,0.52715,1
15.531,26.406,0.4953,33.465,0.90195,14.95,0.34589,1
15.295,16.526,0.3045,32.029,0.9143,8.917,0.32964,1
11.742,96.849,3.2166,32.226,0.93146,96.554,0.60908,1
11.942,104.21,3.6516,32.87,0.9029,108.37,0.63534,1
14.224,187.86,4.079,31.892,0.93225,121.27,0.3944,1
17.623,312.5,4.3834,32.241,0.92702,131.01,0.25613,1
21.21,444.01,4.8464,31.562,0.92663,141.74,0.19503,1
24.222,554.42,5.1962,33.929,0.86286,152.12,0.16763,1
28.318,641.31,5.5721,32.245,0.91475,164.35,0.15657,1
30.175,711.68,5.9492,32.169,0.90115,172.46,0.14805,1
31.837,774.67,6.2362,32.542,0.88092,178.77,0.14099,1
33.322,830.96,6.5997,31.158,0.91781,188.73,0.13876,1
34.493,875.38,6.9557,31.331,0.89223,194.45,0.13571,1
35.561,915.86,7.1895,34.057,0.83181,203.67,0.13587,1
36.731,953.38,7.5438,32.569,0.86431,212.35,0.13608,1
37.56,985.89,7.6954,32.66,0.86608,217.67,0.13489,1
38.238,1012.4,7.8681,31.551,0.8638,214.44,0.1294,1
38.852,1036.5,8.1126,32.058,0.8608,223.87,0.13196,1
39.366,1056.6,8.2468,31.604,0.84363,219.88,0.12713,1
39.785,1073,8.4938,31.168,0.85074,225.22,0.12823,1
41.096,1085.2,8.6177,30.835,0.87323,232.04,0.13063,1
41.336,1094.7,8.7899,32.091,0.81824,230.81,0.12882,1
41.501,1101.1,8.9419,35.273,0.74419,234.72,0.13023,1
41.346,1095,9.1121,32.273,0.83397,245.25,0.13683,1
43.087,1087.4,9.2442,31.365,0.83061,240.83,0.13531,1
42.891,1080,9.1327,31.808,0.83451,242.42,0.13714,1
42.612,1069.4,9.1802,31.932,0.82859,242.9,0.13877,1
42.276,1056.7,9.039,31.586,0.81834,233.64,0.13509,1
41.863,1041,8.9109,33.316,0.79736,236.71,0.13892,1
41.385,1022.9,8.8841,33.93,0.79046,238.28,0.14231,1
40.182,1003.7,8.5607,34.044,0.79173,230.75,0.14046,1
39.623,981.04,8.4748,33.889,0.80863,232.24,0.14463,1
39.009,956.16,8.5413,33.827,0.8055,232.73,0.1487,1
38.501,935.58,8.3798,33.653,0.8075,227.72,0.1487,1
37.771,906.02,8.1468,33.801,0.81502,224.43,0.15134,1
36.992,874.47,7.942,33.781,0.81833,219.55,0.15339,1
40.053,843.02,7.8247,33.683,0.8171,215.35,0.15607,1
39.053,807.84,7.5538,33.71,0.81712,208.07,0.15736,1
38.034,771.97,7.2238,33.671,0.82216,199.98,0.15826,1
36.938,733.41,6.9041,33.798,0.8286,193.35,0.16107,1
35.798,693.29,6.5439,34.04,0.81914,182.47,0.1608,1
34.688,654.22,6.235,33.865,0.82717,174.66,0.1631,1
33.077,611.47,5.8335,33.706,0.84057,165.28,0.16514,1
31.878,567.48,5.4069,33.901,0.83463,152.99,0.16471,1
30.72,525.04,5.0599,33.482,0.86063,145.8,0.16966,1
29.486,479.78,4.7894,33.761,0.85534,138.3,0.17612,1
28.201,432.69,4.4136,33.484,0.86277,127.51,0.18003,1
26.897,384.86,4.0146,33.529,0.8657,116.53,0.18498,1
23.576,290.61,3.2365,31.523,0.94246,96.155,0.20215,1
22.344,240.71,2.823,34.032,0.87383,83.951,0.21308,1
21.109,190.7,2.5021,34.139,0.87661,74.878,0.23989,1
19.937,143.23,2.1098,33.985,0.89085,63.875,0.27245,1
18.686,92.596,1.6823,34.103,0.89666,51.443,0.33942,1
17.032,44.626,1.344,33.726,0.88569,40.146,0.54962,1
16.853,36.895,0.9364,33.585,0.90799,28.555,0.47284,1
16.63,27.226,0.5048,33.789,0.92194,15.725,0.35287,1
16.404,17.462,0.3239,33.386,0.88547,9.5752,0.33501,1
14.475,97.813,3.2588,32.726,0.92824,98.995,0.61833,1
14.783,107.59,3.6635,32.787,0.9175,110.21,0.62578,1
17.745,201.82,4.0695,32.789,0.91718,122.39,0.37048,1
22.101,340.37,4.3772,32.876,0.9172,131.99,0.23691,1
25.751,456.49,4.7948,33.048,0.89493,141.81,0.1898,1
29.148,564.52,5.2037,33.193,0.88649,153.12,0.16571,1
30.729,645.11,5.5378,33.104,0.88305,161.88,0.15331,1
32.821,718.71,5.8542,33.711,0.87,171.7,0.14595,1
34.581,780.65,6.1805,33.463,0.86565,179.03,0.14011,1
36.153,836,6.489,33.308,0.86907,187.84,0.13727,1
37.396,879.74,6.9549,33.638,0.84769,198.31,0.13772,1
38.531,919.69,7.0181,33.031,0.86138,199.68,0.13264,1
40.494,956.74,7.5034,32.957,0.85604,211.69,0.13518,1
41.37,988.85,7.6198,33.088,0.86377,217.78,0.13455,1
42.086,1015.1,7.6632,32.938,0.855,215.81,0.12989,1
42.733,1038.8,7.9246,33.181,0.85165,223.94,0.1317,1
43.275,1058.7,8.2352,33.111,0.84067,229.23,0.13229,1
43.693,1074,8.3596,32.938,0.83912,231.05,0.13143,1
40.633,1086.9,8.5739,32.036,0.84929,233.28,0.13113,1
40.988,1102.2,8.8614,32.691,0.81959,237.42,0.1316,1
41.062,1105.4,8.7858,31.795,0.83366,232.88,0.12871,1
40.842,1095.9,8.9047,31.353,0.85726,239.33,0.13343,1
40.785,1093.5,8.8089,34.703,0.75745,231.55,0.12937,1
42.216,1080.5,8.9762,31.76,0.82971,236.54,0.13375,1
41.96,1069.8,8.9349,32.009,0.81556,233.25,0.13321,1
41.643,1056.5,8.811,31.854,0.82167,230.61,0.13336,1
41.288,1041.6,8.7242,32.528,0.82179,233.21,0.13679,1
40.855,1023.5,8.6466,32.528,0.82646,232.45,0.13875,1
39.595,1003,8.6458,32.7,0.82482,233.19,0.14204,1
39.099,981.62,8.2646,32.419,0.83614,224.03,0.13943,1
38.524,956.73,8.025,33.388,0.81477,218.31,0.13941,1
38.009,934.48,7.8908,32.409,0.84661,216.51,0.14155,1
37.364,906.6,7.5653,32.653,0.83463,206.18,0.13894,1
36.635,875.04,7.2956,32.902,0.82288,197.52,0.13791,1
36.882,842.48,7.1366,32.127,0.86239,197.72,0.14339,1
36.066,807.19,7.1048,32.998,0.83397,195.52,0.14799,1
35.209,770.17,6.8702,32.776,0.8511,191.65,0.15203,1
34.368,733.76,6.6026,32.97,0.83819,182.47,0.15193,1
33.443,693.8,6.3176,33.415,0.82424,174,0.15322,1
32.484,652.32,5.5733,33.073,0.84926,156.54,0.14661,1
33.024,612.08,5.6609,32.748,0.85658,158.8,0.1585,1
31.974,568.11,5.373,32.643,0.85562,150.07,0.16138,1
30.898,523.09,5.0236,32.491,0.86686,141.49,0.16526,1
29.86,479.64,4.4747,32.424,0.85509,124.06,0.15803,1
28.739,432.72,4.2356,31.607,0.89464,119.77,0.1691,1
27.627,386.18,3.8804,31.978,0.89446,110.99,0.17559,1
25.468,337.67,3.2381,32.714,0.8858,93.835,0.16978,1
24.294,288.55,2.9688,32.765,0.88717,86.298,0.18272,1
23.177,241.78,3.006,32.874,0.88831,87.78,0.22181,1
21.981,191.74,2.2436,32.074,0.89787,64.612,0.20588,1
20.779,141.43,1.7938,30.86,0.95606,52.924,0.22862,1
19.642,93.835,1.465,31.562,0.91932,42.507,0.27676,1
18.643,45.122,0.8426,32.928,0.89424,24.811,0.33593,1
18.465,37.417,0.8063,33.304,0.88829,23.853,0.38949,1
18.243,27.79,0.5205,33.368,0.87819,15.252,0.33532,1
18.017,18.022,0.3821,33.024,0.88654,11.187,0.37924,1
NaN,NaN,1.7133,32.213,0.93506,51.606,NaN,1
13.451,111.85,1.2309,34.502,0.851,36.14,0.1974,1
16.157,214.44,3.379,32.426,0.93145,102.06,0.29076,1
19.811,352.94,3.7383,32.089,0.95384,114.42,0.19806,1
22.821,467.06,2.6339,32.544,0.92445,79.243,0.10366,1
25.62,573.14,1.9301,32.693,0.92232,58.198,0.062038,1
29.072,653.29,2.4245,32.235,0.93583,73.139,0.068399,1
30.928,725.99,2.8449,32.282,0.92214,84.69,0.07127,1
32.522,788.47,5.5287,32.16,0.91956,163.5,0.12669,1
33.833,839.82,3.6635,32.112,0.92064,108.31,0.078789,1
34.937,883.1,6.5307,32.131,0.90777,190.48,0.13178,1
35.998,924.69,6.9004,32.489,0.90752,203.45,0.13442,1
35.578,959.1,4.77,32.72,0.86893,135.62,0.086388,1
36.315,990.94,7.1188,32.659,0.88811,206.48,0.1273,1
36.95,1018.4,6.8921,32.753,0.87944,198.52,0.11909,1
37.94,1061.2,6.8558,32.649,0.87257,195.31,0.11244,1
38.287,1076.2,7.9763,32.677,0.87351,227.67,0.12924,1
38.631,1088.4,7.5996,32.899,0.86031,215.09,0.12074,1
38.837,1097.7,8.0775,32.737,0.85263,225.46,0.12549,1
38.964,1103.4,7.7024,32.736,0.86111,217.13,0.12023,1
39.031,1106.4,8.3666,32.406,0.85334,231.37,0.12776,1
38.816,1096.7,4.9575,32.759,0.85455,138.78,0.077309,1
38.76,1094.2,8.419,32.905,0.83261,230.66,0.12879,1
40.771,1088.8,8.7201,32.684,0.84861,241.86,0.13571,1
40.359,1070.4,8.4905,32.683,0.83886,232.78,0.13286,1
40.059,1057,8.7052,33.001,0.82935,238.26,0.13771,1
39.704,1041.1,8.4327,32.667,0.84904,233.88,0.13724,1
39.319,1023.9,7.6851,31.021,0.8851,211.01,0.1259,1
38.86,1003.4,7.992,32.292,0.85469,220.57,0.1343,1
38.35,980.61,7.6632,31.619,0.87314,211.56,0.13181,1
37.824,957.11,7.0362,31.969,0.8504,191.29,0.1221,1
37.325,934.84,7.4071,32.304,0.84505,202.2,0.13215,1
36.66,905.15,7.1502,31.664,0.86054,194.83,0.1315,1
35.72,863.12,7.1172,32.19,0.85253,195.32,0.13825,1
37.067,828.91,6.4477,31.752,0.8583,175.72,0.12951,1
36.232,795.08,6.1619,31.618,0.87345,170.17,0.13076,1
35.305,757.57,6.1123,31.693,0.87706,169.9,0.13702,1
34.34,718.46,5.7001,31.902,0.8716,158.5,0.13478,1
33.397,680.29,5.4717,31.779,0.87217,151.66,0.1362,1
32.362,638.37,5.1364,31.779,0.87669,143.1,0.13695,1
31.164,595.23,4.7204,32.216,0.87096,132.45,0.13595,1
30.197,553.41,4.3264,32.569,0.87677,123.54,0.13639,1
29.148,508.06,4.1369,32.853,0.87977,119.57,0.14379,1
28.105,462.95,3.7837,32.924,0.89195,111.12,0.14664,1
27.01,415.6,3.4322,33.107,0.88758,100.85,0.14826,1
25.899,367.56,3.0713,33.064,0.8993,91.323,0.1518,1
23.6,321.65,2.8135,33.703,0.873,82.78,0.15723,1
22.499,272.47,1.9607,33.247,0.89176,58.131,0.13034,1
21.388,222.82,2.1734,33.36,0.90285,65.462,0.17949,1
20.332,175.66,1.781,33.388,0.88866,52.843,0.18379,1
19.205,125.31,1.4473,33.35,0.89461,43.18,0.21052,1
18.072,74.711,1.1441,33.603,0.89472,34.398,0.28129,1
12.317,42.522,0.8732,33.441,0.89304,26.077,0.37467,1
12.154,35.005,0.6481,33.236,0.88753,19.117,0.33366,1
11.947,25.358,0.4263,33.086,0.89387,12.608,0.30375,1
11.032,101.84,2.8569,33.639,0.95442,91.723,0.55027,1
11.941,149.76,2.8197,33.516,0.95361,90.122,0.36765,1
14.313,274.79,4.3661,33.476,0.94491,138.11,0.30706,1
16.842,408.15,3.3397,33.679,0.94306,106.07,0.15878,1
19.007,522.27,4.2162,33.485,0.93506,132.01,0.15443,1
20.729,613.03,4.6585,33.505,0.92209,143.92,0.14343,1
23.841,686.47,4.9319,33.284,0.93251,153.07,0.13623,1
25.163,753.98,5.6101,33.375,0.92811,173.78,0.14081,1
26.31,812.58,6.4634,33.114,0.92147,197.22,0.14829,1
27.256,860.88,5.9037,33.313,0.92619,182.15,0.12927,1
28.047,901.31,4.9311,33.043,0.92117,150.1,0.10174,1
28.799,939.69,5.9802,32.764,0.90906,178.12,0.11581,1
31.733,974.23,6.0855,32.73,0.92171,183.58,0.11513,1
32.356,1004.1,4.3628,33.262,0.90459,131.27,0.079871,1
32.863,1028.4,7.522,33.763,0.87534,222.31,0.13207,1
33.319,1050.2,4.9662,33.108,0.90388,148.62,0.086457,1
33.983,1082,5.4441,33.548,0.89847,164.1,0.092656,1
33.138,1093.2,7.5521,33.441,0.88039,222.35,0.12426,1
33.284,1101,7.8821,33.319,0.86898,228.21,0.12664,1
33.377,1105.8,8.284,33.254,0.86846,239.24,0.13218,1
33.41,1107.6,6.5551,33.245,0.86847,189.26,0.1044,1
33.208,1096.9,8.1208,32.993,0.87599,234.7,0.13072,1
33.137,1093.2,8.2249,32.986,0.8608,233.54,0.13052,1
34.676,1086.6,8.1745,33.091,0.86259,233.34,0.13119,1
34.495,1077.4,8.03,32.999,0.86977,230.47,0.13069,1
34.278,1066.3,8.0589,33.002,0.86642,230.44,0.13203,1
33.999,1052.1,7.9329,33.212,0.86811,228.72,0.13282,1
33.671,1035.3,7.9928,33.168,0.8582,227.52,0.13426,1
33.319,1017.4,7.9164,33.419,0.85048,225,0.13512,1
34.913,996.58,7.8532,33.341,0.86555,226.63,0.13893,1
34.45,972.98,7.74,34.117,0.84282,222.56,0.13975,1
34.046,952.31,7.5356,33.441,0.86261,217.37,0.13945,1
33.522,925.55,7.4216,33.634,0.85051,212.3,0.14014,1
32.927,895.18,7.3464,33.131,0.87253,212.37,0.14494,1
32.294,862.86,7.2019,33.489,0.86951,209.71,0.14849,1
32.696,828.74,6.6443,33.27,0.8675,191.76,0.14137,1
31.991,794.96,6.4275,33.155,0.87409,186.27,0.14316,1
31.208,757.43,6.1896,33.349,0.86775,179.12,0.14448,1
30.393,718.38,5.791,33.305,0.86984,167.76,0.14267,1
29.595,680.15,5.5977,33.276,0.87764,163.48,0.14685,1
28.722,638.31,5.2541,33.394,0.87356,153.27,0.1467,1
27.711,596.26,4.9373,33.579,0.87791,145.55,0.14914,1
26.869,551.9,4.5057,33.424,0.89177,134.3,0.14867,1
26.006,506.39,4.0489,33.245,0.90718,122.11,0.14733,1
25.178,462.73,3.4479,33.515,0.88736,102.54,0.13538,1
24.283,415.57,3.4244,33.674,0.90419,104.26,0.15328,1
23.374,367.64,1.814,33.41,0.90849,55.059,0.091499,1
19.92,321.85,2.562,33.518,0.89993,77.28,0.1467,1
19.078,272.72,2.4563,33.512,0.9158,75.385,0.16888,1
18.227,223.12,1.7917,33.676,0.89697,54.121,0.14819,1
17.37,173.13,1.0078,33.581,0.91478,30.959,0.10925,1
16.558,125.81,1.0016,33.695,0.89638,30.252,0.14691,1
15.714,76.607,0.7629,34.25,0.89583,23.408,0.18668,1
13.897,43.343,0.765,34.835,0.87586,23.341,0.329,1
13.749,35.327,0.608,33.972,0.88594,18.299,0.31647,1
13.567,25.414,0.323,33.892,0.88404,9.6776,0.23265,1
11.392,102.97,2.0156,34.83,0.89678,62.956,0.37353,1
12.847,168.3,2.2419,32.696,0.93285,68.379,0.24822,1
15.644,293.93,1.4493,33.106,0.93611,44.915,0.093356,1
18.426,418.91,1.8244,33.114,0.93142,56.271,0.082066,1
20.923,531.06,2.3245,33.584,0.92404,72.135,0.082987,1
22.907,620.19,2.4637,32.833,0.92986,75.217,0.074097,1
25.99,696.51,4.7452,32.95,0.9401,146.99,0.12893,1
27.386,758.86,5.6927,33.417,0.90688,172.52,0.13889,1
28.679,816.61,2.446,33.629,0.91549,75.305,0.05634,1
29.808,867.07,4.4602,33.274,0.90791,134.74,0.094939,1
30.64,904.23,3.6916,33.514,0.91484,113.18,0.076474,1
31.513,943.25,5.3524,33.524,0.90156,161.77,0.10478,1
30.136,976.4,7.5591,33.021,0.89172,222.58,0.13927,1
30.735,1006.1,4.2913,33.121,0.90584,128.75,0.078185,1
31.249,1031.5,5.2252,33.086,0.90528,156.51,0.0927,1
31.658,1051.7,3.4033,33.371,0.90783,103.1,0.059893,1
32.02,1069.6,3.1869,33.36,0.91051,96.801,0.055291,1
32.31,1083.9,2.3943,33.156,0.90931,72.186,0.040687,1
34.687,1094.3,3.5215,33.136,0.92453,107.88,0.06023,1
34.855,1102.1,3.2633,33.016,0.91565,98.653,0.054687,1
34.955,1106.8,4.3058,33.724,0.89493,129.95,0.071735,1
34.989,1108.3,4.3173,32.963,0.91099,129.64,0.071464,1
34.755,1097.5,4.7502,32.885,0.89636,140.02,0.077946,1
34.674,1093.7,4.3834,32.807,0.89173,128.24,0.071632,1
34.832,1087.1,6.6278,32.81,0.89399,194.4,0.10925,1
34.632,1077.9,4.8361,33.081,0.8864,141.81,0.080381,1
34.391,1066.7,8.3075,32.819,0.87728,239.18,0.13699,1
34.083,1052.4,3.9382,32.678,0.89676,115.4,0.066997,1
33.721,1035.6,3.1485,32.638,0.9197,94.508,0.055755,1
33.308,1016.4,3.139,32.752,0.91127,93.686,0.056313,1
33.192,996.23,4.267,32.995,0.91189,128.38,0.078733,1
32.699,972.58,4.7283,32.965,0.91027,141.88,0.089128,1
32.267,951.92,3.2278,32.895,0.90281,95.86,0.061524,1
31.709,925.15,4.1501,33.596,0.88996,124.09,0.081943,1
31.074,894.73,3.5896,32.993,0.90877,107.63,0.07349,1
30.418,863.3,2.3295,33.096,0.91068,70.212,0.049688,1
30.871,829.13,2.3481,33.047,0.91176,70.751,0.052133,1
30.097,793.2,2.7743,32.899,0.91286,83.318,0.064174,1
29.333,757.8,3.5355,32.948,0.90712,105.67,0.085193,1
28.492,718.77,2.6591,32.704,0.91956,79.969,0.067973,1
27.619,678.27,3.0494,32.873,0.90567,90.787,0.081776,1
26.769,638.82,2.2853,32.042,0.90922,66.579,0.063674,1
25.24,595.73,2.3068,31.831,0.94434,69.341,0.071112,1
24.284,551.39,3.7668,31.784,0.92395,110.62,0.12257,1
23.307,506.04,5.6155,32.012,0.91911,165.22,0.19947,1
22.367,462.4,3.9902,32.461,0.90254,116.9,0.15445,1
21.377,416.52,2.4885,32.689,0.90146,73.332,0.10756,1
20.342,368.48,2.1044,31.799,0.93279,62.42,0.10349,1
20.294,319.86,2.5236,32.081,0.93093,75.367,0.14395,1
19.295,273.51,3.5243,31.976,0.93014,104.82,0.23414,1
18.227,223.97,1.9681,32.183,0.91196,57.764,0.15757,1
17.151,174.05,2.3654,31.993,0.9339,70.673,0.24808,1
16.069,123.82,1.2441,32.146,0.91188,36.469,0.17995,1
15.043,76.251,1.2453,32.335,0.91974,37.035,0.29674,1
13.876,43.825,1.2048,32.541,0.92719,36.351,0.50676,1
13.697,35.817,0.7864,32.302,0.92154,23.409,0.3993,1
13.491,26.535,0.5428,32.479,0.90652,15.982,0.36797,1
13.259,16.11,0.2706,32.635,0.92292,8.1503,0.30909,1
11.253,104.6,3.5566,33.229,0.94082,111.19,0.64946,1
13.395,183.13,4.0749,33.36,0.92181,125.31,0.41806,1
16.693,304.05,4.5032,33.46,0.90714,136.69,0.27465,1
20.229,433.71,4.846,33.443,0.90022,145.89,0.20551,1
23.223,543.46,5.2714,33.468,0.90016,158.81,0.17853,1
25.469,625.81,5.7489,33.477,0.8866,170.63,0.16658,1
29.522,701.09,5.7939,33.506,0.89659,174.05,0.15167,1
31.3,766.28,6.5204,33.558,0.88087,192.75,0.15367,1
32.765,819.99,6.7,33.475,0.86899,194.9,0.14521,1
34.001,865.3,7.0032,33.406,0.86524,202.42,0.14292,1
35.167,908.06,7.5583,33.243,0.86603,217.6,0.1464,1
36.219,946.64,7.8553,33.392,0.86113,225.88,0.14578,1
34.068,980.28,8.4781,33.335,0.8558,241.86,0.15074,1
34.705,1007.8,3.5148,34.149,0.86556,103.89,0.062978,1
35.288,1033,9.3867,33.388,0.86068,269.74,0.15953,1
35.778,1054.2,4.58,34.095,0.85656,133.76,0.077513,1
36.162,1070.8,5.1467,33.18,0.83955,143.37,0.081797,1
41.001,1095.5,9.2963,33.255,0.86226,266.56,0.14865,1
41.205,1103.3,3.0481,33.265,0.88545,89.78,0.049717,1
41.317,1107.5,3.7465,33.276,0.8929,111.32,0.061407,1
41.357,1109,4.1418,33.238,0.88589,121.96,0.067185,1
41.065,1098,8.3038,33.424,0.86679,240.57,0.13387,1
40.958,1093.9,4.9249,33.468,0.81972,135.11,0.075462,1
45.355,1087.5,10.394,33.263,0.79724,275.62,0.15484,1
45.08,1078.1,10.554,32.978,0.81058,282.13,0.15987,1
44.728,1066.2,6.1817,32.471,0.82847,166.3,0.095293,1
44.328,1052.6,10.244,32.63,0.82455,275.62,0.15998,1
43.847,1036.2,9.4635,32.995,0.8067,251.89,0.14852,1
43.283,1017,10.226,32.827,0.78688,264.16,0.1587,1
39.55,995.43,9.7712,32.912,0.79388,255.3,0.15669,1
38.939,973.04,3.4426,31.478,0.88354,95.745,0.060116,1
38.376,952.4,2.9767,31.834,0.83228,78.868,0.050592,1
37.599,923.91,7.8226,32.348,0.86401,218.63,0.14457,1
36.768,893.45,3.7858,33.559,0.79786,101.37,0.069315,1
35.937,862.97,7.2176,32.242,0.85222,198.32,0.1404,1
37.448,828.78,7.6934,32.114,0.82611,204.1,0.15046,1
36.427,792.84,7.27,32.536,0.81902,193.73,0.14928,1
35.422,757.48,7.2977,32.234,0.82922,195.06,0.15733,1
34.341,719.43,6.8776,32.311,0.82444,183.21,0.15558,1
33.188,678.83,6.5489,31.276,0.84826,173.74,0.15637,1
31.943,635.03,1.736,30.969,0.87565,47.076,0.045291,1
29.072,594.22,6.1131,32.243,0.85444,168.41,0.17315,1
28.037,552.29,4.8605,32.071,0.84372,131.52,0.14549,1
26.868,504.97,1.3791,31.031,0.903,38.643,0.046754,1
25.776,460.73,1.4485,31.88,0.89509,41.334,0.05481,1
24.68,416.33,1.3019,33.3,0.88956,38.566,0.056593,1
23.499,368.5,1.0396,32.282,0.89775,30.129,0.049952,1
23.163,321.28,0.8042,31.665,0.90635,23.08,0.043889,1
21.823,272.16,0.9343,31.582,0.92154,27.192,0.061039,1
20.471,222.59,1.0264,34.193,0.85556,30.026,0.082416,1
19.189,175.58,0.8195,32.617,0.907,24.244,0.084357,1
17.821,125.43,0.5316,32.545,0.90179,15.602,0.075993,1
16.447,75.042,1.3597,32.338,0.9316,40.963,0.33349,1
15.49,44.143,0.8257,31.771,0.91733,24.065,0.33306,1
15.305,36.662,0.3809,32.249,0.92016,11.303,0.18835,1
12.692,105,3.735,33.245,0.91006,113,0.65749,1
14.285,181.34,4.1509,33.058,0.90531,124.23,0.41853,1
16.934,308.27,4.5375,33.252,0.89829,135.53,0.26861,1
19.492,430.84,4.991,33.494,0.87449,146.19,0.2073,1
21.781,540.52,5.4709,33.263,0.872,158.68,0.17936,1
23.598,627.58,5.9149,32.908,0.87171,169.68,0.16518,1
25.154,702.47,6.1487,33.082,0.86077,175.09,0.15228,1
26.353,763.71,6.3766,33.063,0.85193,179.61,0.14369,1
27.468,820.65,6.9012,32.995,0.84683,192.83,0.14355,1
28.353,865.86,7.1808,33.015,0.84269,199.78,0.14096,1
29.162,907.14,7.3724,33.145,0.83476,203.98,0.13738,1
29.917,945.74,7.7574,32.852,0.84265,214.74,0.13872,1
30.389,978.62,7.8635,32.799,0.83415,215.14,0.13431,1
30.929,1008,8.0436,32.519,0.83829,219.27,0.1329,1
31.392,1033.2,8.5347,32.1,0.84407,231.25,0.13674,1
31.763,1053.4,8.5925,32.182,0.84095,232.54,0.13487,1
32.09,1071.2,8.8387,31.976,0.84569,239.01,0.13632,1
32.352,1085.4,8.9584,32.19,0.82554,238.06,0.134,1
34.285,1095.7,2.9201,32.072,0.82545,77.306,0.043104,1
34.432,1103.5,9.4706,32.121,0.8414,255.96,0.14171,1
34.52,1108.1,9.3702,31.924,0.83247,249.02,0.1373,1
34.549,1109.6,9.706,32.133,0.81682,254.75,0.14026,1
34.342,1098.7,9.3516,34.137,0.77162,246.33,0.13697,1
34.271,1095,9.6151,31.877,0.82465,252.76,0.14103,1
32.656,1088.4,9.6015,32.127,0.81388,251.05,0.14093,1
32.492,1079.1,9.4664,32.065,0.80674,244.88,0.13864,1
32.294,1067.9,9.5416,31.052,0.83812,248.32,0.14206,1
32.042,1053.7,8.4211,32.496,0.80683,220.79,0.12802,1
31.746,1036.9,9.5511,32.214,0.81866,251.88,0.14841,1
31.429,1019,2.2316,32.45,0.85343,61.803,0.037054,1
32.052,997.7,3.1477,32.957,0.84867,88.041,0.053913,1
31.635,974.13,7.8123,32.248,0.86161,217.07,0.13614,1
31.298,955.11,9.5057,31.463,0.83387,249.39,0.15952,1
30.809,927.43,9.5602,32.23,0.8283,255.22,0.16813,1
30.285,897.86,8.6412,32.723,0.8234,232.83,0.15843,1
29.716,865.67,9.1393,32.144,0.89205,262.07,0.18495,1
30.864,831.64,9.2054,32.69,0.84591,254.55,0.187,1
30.25,795.84,8.9572,32.603,0.85156,248.68,0.19091,1
29.646,760.62,3.1175,32.344,0.85782,86.495,0.069475,1
28.978,721.67,2.1734,32.592,0.83093,58.859,0.049829,1
28.286,681.31,7.2857,32.539,0.84731,200.87,0.18013,1
27.611,641.99,6.7938,33.007,0.83604,187.48,0.17841,1
26.762,598.97,6.4208,32.62,0.85112,178.26,0.18183,1
25.946,555.94,5.9595,32.459,0.86293,166.93,0.18344,1
25.086,510.61,5.6939,32.561,0.88582,164.23,0.1965,1
24.208,464.3,5.3912,32.715,0.87511,154.35,0.2031,1
23.366,419.92,4.898,32.652,0.8665,138.58,0.20162,1
22.46,372.18,4.4289,32.969,0.86181,125.84,0.20656,1
21.945,323.79,3.8453,32.787,0.87542,110.37,0.20826,1
21.012,277.65,3.8135,32.698,0.88741,110.66,0.24349,1
20.012,228.18,3.1658,32.525,0.88701,91.332,0.24454,1
19.006,178.41,2.4071,32.347,0.90031,70.1,0.24005,1
18.052,131.22,1.0747,32.111,0.8774,30.279,0.14098,1
17.038,81.012,0.5655,32.498,0.89349,16.42,0.12383,1
16.461,45.862,0.7001,32.524,0.90614,20.633,0.27486,1
16.278,37.984,0.3334,32.257,0.91105,9.7978,0.15759,1
10.92,107.62,1.5997,32.798,0.94442,49.552,0.28131,1
12.75,192.53,4.0757,33.131,0.92626,125.08,0.39689,1
15.435,317.11,4.751,33.385,0.89839,142.5,0.27453,1
18.179,444.42,5.0856,33.374,0.89293,151.55,0.20834,1
20.495,551.86,5.3623,33.618,0.87343,157.45,0.17431,1
22.234,632.54,5.7278,33.765,0.86339,166.98,0.16128,1
26.213,706.47,6.2321,33.265,0.86499,179.32,0.15507,1
27.646,770.47,6.4551,33.513,0.83393,180.4,0.14305,1
28.896,826.33,7.5789,33.19,0.85759,215.72,0.1595,1
29.829,868.01,2.3109,33.229,0.84631,64.987,0.045741,1
30.8,911.38,3.6743,33.196,0.86701,105.75,0.070892,1
31.651,949.41,9.0253,33.045,0.90444,269.74,0.17358,1
33.834,980.79,4.6544,33.035,0.87418,134.41,0.083728,1
24.836,201.86,3.9993,33.424,0.86241,115.28,0.3489,1
34.741,550.5,5.1248,32.864,0.83959,141.4,0.15693,1
47.033,903.17,7.3167,32.25,0.802,189.24,0.12801,1
48.402,1004.6,8.2592,32.257,0.79108,210.76,0.12818,1
49.944,1069.1,6.7566,31.852,0.81152,174.65,0.099805,1
51.97,1103.6,9.0361,31.75,0.79383,227.75,0.12608,1
52.151,1111.2,9.2467,31.358,0.79521,230.58,0.12677,1
52.319,1084.8,9.3748,31.387,0.76861,226.16,0.12737,1
51.392,1046,6.2247,30.832,0.794,152.38,0.089007,1
49.217,986.72,9.0216,32.436,0.75245,220.19,0.13633,1
47.491,912.09,5.8831,30.723,0.85045,153.71,0.10296,1
47.807,815.3,8.039,32.159,0.79671,205.97,0.15434,1
44.969,704.09,3.4265,32.392,0.8239,91.445,0.079348,1
41.275,580.7,6.1425,32.293,0.81754,162.17,0.17061,1
38.066,446.39,4.7964,31.919,0.82859,126.86,0.17362,1
34.261,306.53,3.5718,32.932,0.85055,100.05,0.19941,1
31.036,162.46,2.4753,32.648,0.84949,68.65,0.25816,1
27.651,47.203,1.2928,33.057,0.84626,36.166,0.4681,1
27.026,19.141,0.4023,31.3,0.88315,11.121,0.35496,1
22.728,263,1.8979,32.479,0.86215,53.145,0.12345,1
32.172,584.4,5.029,32.311,0.81234,132,0.138,1
43.105,785.81,5.7633,30.136,0.82435,143.17,0.11132,1
36.58,47.808,0.6274,30.132,0.86272,16.31,0.20843,1
34.13,633.25,4.3917,32.286,0.87146,123.56,0.11921,1
42.508,813.3,5.435,32.252,0.84493,148.11,0.11126,1
45.994,936,6.2701,33.047,0.82528,171,0.11162,1
45.058,1023.1,6.9578,33.457,0.80064,186.38,0.1113,1
46.336,1078.3,7.484,33.1,0.79133,196.03,0.11106,1
48.066,1105.6,7.8846,33.096,0.7974,208.08,0.11499,1
48.1,1107.1,8.1382,33.364,0.7838,212.82,0.11745,1
45.851,1075.7,8.0783,33.37,0.78906,212.71,0.12081,1
44.961,1033.1,7.7772,33.169,0.80226,206.95,0.12239,1
44.781,976.52,5.8406,33.124,0.81274,157.24,0.098374,1
43.046,893.38,7.0325,33.552,0.79675,187.99,0.12856,1
42.882,794.93,6.7306,33.207,0.82781,185.02,0.1422,1
40.287,682.72,4.6027,33.674,0.83366,129.21,0.11563,1
36.071,559.18,3.6057,33.563,0.83019,100.47,0.10977,1
33.278,425.36,2.0267,33.352,0.85325,57.676,0.08284,1
31.028,286.61,3.0671,33.419,0.85138,87.267,0.18602,1
27.741,144.46,1.8244,33.64,0.85127,52.246,0.22095,1
24.305,48.144,0.9054,33.471,0.86368,26.174,0.33215,1
23.714,19.816,0.2764,31.803,0.91132,8.0109,0.24698,1
22.742,365.06,4.1645,33.678,0.89816,125.97,0.21082,1
29.068,638.66,5.3276,33.311,0.87422,155.14,0.14841,1
36.558,816.39,6.3696,33.548,0.86859,185.61,0.1389,1
39.522,936.43,7.3382,33.523,0.8555,210.45,0.1373,1
41.314,1023.7,8.0291,34.348,0.80929,223.19,0.1332,1
42.538,1078.4,8.6499,33.026,0.83232,237.77,0.1347,1
43.066,1105.2,8.9254,33.388,0.80694,240.47,0.13293,1
43.093,1106.5,9.2649,32.501,0.81535,245.52,0.13557,1
44.831,1074.8,9.2422,31.963,0.81327,240.25,0.13657,1
43.937,1031.9,8.2332,31.837,0.81956,214.82,0.12718,1
44.422,975.32,8.8056,32.361,0.79776,227.33,0.1424,1
42.65,893.12,8.3335,32.247,0.80306,215.81,0.14763,1
42.069,793.82,7.6017,32.439,0.80527,198.58,0.15283,1
39.558,681.66,6.8545,32.638,0.82034,183.52,0.16448,1
37.895,558.21,5.8802,32.35,0.83562,158.96,0.17398,1
34.936,426.03,4.7593,32.447,0.83955,129.65,0.18592,1
31.568,286.17,3.6276,32.574,0.84858,100.27,0.21407,1
28.509,144.24,1.9958,32.73,0.85995,56.173,0.23792,1
26.214,48.576,1.4246,32.578,0.88144,40.909,0.51451,1
25.631,20.657,0.4924,32.509,0.86496,13.846,0.40949,1
23.73,375.14,3.9365,33.371,0.88327,116.03,0.18897,1
29.298,641.97,5.0794,32.817,0.87419,145.72,0.13868,1
35.703,817.71,4.0109,33.137,0.86742,115.29,0.086138,1
38.372,936.95,5.5527,33.266,0.85179,157.34,0.10259,1
42.858,1023.7,6.1392,30.656,0.89439,168.33,0.10046,1
44.157,1078,6.5885,32.33,0.86285,183.79,0.10416,1
45.525,1104.6,6.069,32.352,0.85033,166.96,0.092341,1
45.552,1105.8,4.452,32.816,0.84117,122.89,0.067897,1
48.064,1074.1,4.6915,33.031,0.84048,130.25,0.074084,1
47.043,1031.4,9.0348,33.011,0.80598,240.38,0.14239,1
48.473,974.93,8.5124,33.041,0.7853,220.87,0.13841,1
46.449,892.98,7.5756,32.431,0.80025,196.61,0.13451,1
43.757,793.87,6.8702,32.814,0.79815,179.93,0.13847,1
41.171,682.03,5.9905,32.843,0.81311,159.97,0.1433,1
38.909,558.86,4.9472,32.875,0.82674,134.46,0.14699,1
35.956,426.92,3.8535,32.314,0.82604,102.86,0.1472,1
31.596,287.45,2.8057,31.933,0.86201,77.233,0.16415,1
28.544,145.86,1.8111,31.886,0.84987,49.078,0.20557,1
26.764,49.345,0.9934,32.172,0.85039,27.178,0.3365,1
26.165,21.569,0.3573,30.743,0.89864,9.871,0.2796,1
24.277,383.87,3.8597,32.29,0.92129,114.82,0.18274,1
30.331,645.7,4.644,33.863,0.87089,136.96,0.12959,1
38.316,819.56,5.658,32.615,0.86925,160.41,0.11958,1
41.382,939.72,6.5241,33.262,0.84035,182.36,0.11856,1
46.424,1024.4,7.3307,33.105,0.81393,197.53,0.11781,1
47.851,1078.5,7.6715,31.817,0.82599,201.61,0.11421,1
46.836,1104.3,8.2972,32.598,0.79595,215.29,0.11911,1
46.848,1104.8,8.5813,32.438,0.79654,221.72,0.12261,1
48.892,1072.9,8.5764,32.22,0.79281,219.08,0.12475,1
47.819,1029.5,8.2315,32.536,0.78548,210.37,0.12484,1
45.171,972.63,8.0952,32.006,0.79514,206.02,0.12941,1
43.33,890.4,7.5558,32.45,0.79519,194.97,0.13378,1
44.221,792.3,6.6794,32.362,0.81109,175.32,0.13519,1
41.608,679.3,6.0723,32.233,0.81727,159.97,0.14387,1
37.387,556.16,5.2095,32.431,0.8321,140.58,0.15443,1
34.546,424.33,4.2711,32.381,0.85345,118.04,0.16995,1
30.192,286.55,3.1514,32.686,0.83817,86.337,0.18408,1
27.306,143.75,2.1436,32.608,0.84194,58.85,0.25011,1
24.432,49.459,1.0528,32.791,0.8585,29.638,0.3661,1
23.852,21.662,0.3486,31.362,0.89914,9.83,0.27724,1
24.309,393.78,4.6172,33.184,0.93176,142.76,0.2215,1
30.432,650.05,4.8824,33.279,0.89094,144.76,0.13605,1
33.171,824.49,6.3147,33.814,0.85677,182.94,0.13556,1
35.675,940.67,6.9012,33.36,0.84633,194.85,0.12655,1
40.881,1024.6,7.6479,33.678,0.83149,214.16,0.1277,1
42.162,1078.2,8.4112,32.887,0.83102,229.87,0.13026,1
43.671,1103.7,8.7449,33.575,0.80263,235.66,0.13045,1
43.678,1104,9.0183,32.639,0.81092,238.69,0.13209,1
44.867,1071.9,9.008,32.821,0.80463,237.89,0.13559,1
43.794,1028.5,8.8956,32.456,0.80571,232.63,0.13819,1
42.616,971.65,8.4298,32.495,0.81166,222.33,0.1398,1
40.653,889.5,7.9197,32.628,0.8185,211.5,0.14527,1
38.504,791.54,7.3059,32.856,0.81995,196.82,0.15192,1
35.895,678.72,6.3292,32.836,0.83406,173.34,0.15603,1
32.839,555.74,5.3358,32.833,0.84564,148.15,0.16286,1
29.896,424.24,4.3698,32.846,0.86561,124.24,0.17892,1
26.983,286.75,3.1931,33.383,0.861,91.778,0.19554,1
23.713,144.29,2.1044,33.09,0.88336,61.512,0.26045,1
21.02,50.022,1.1016,33.136,0.88791,32.411,0.39586,1
20.4,22.339,0.323,32.328,0.89378,9.3328,0.25524,1
22.889,410.59,3.9993,32.801,0.9169,120.28,0.17897,1
27.646,661.37,5.2119,33.359,0.87746,152.56,0.14093,1
32.106,827.94,6.1908,33.299,0.862,177.7,0.13112,1
34.269,942.01,7.0404,33.358,0.8595,201.86,0.13091,1
37.476,1025.3,7.7359,33.494,0.84676,219.4,0.13073,1
38.494,1077.4,8.3286,33.511,0.83186,232.17,0.13166,1
42.205,1102.2,8.6763,33.543,0.81472,237.11,0.13142,1
42.203,1102.2,8.9762,33.234,0.80956,241.5,0.13387,1
41.52,1078.6,8.8849,32.715,0.80617,234.33,0.13272,1
40.495,1026.3,8.7057,33.064,0.80267,231.05,0.13754,1
45.567,969.63,8.4232,32.854,0.81073,224.36,0.14137,1
43.609,887.67,7.9639,34.034,0.79166,214.57,0.14768,1
39.565,788.91,7.2399,33.057,0.82218,196.77,0.15239,1
37.241,677.53,6.3828,33.195,0.83094,176.06,0.15876,1
34.621,555.15,5.4597,33.873,0.82155,151.93,0.16721,1
31.973,424.12,4.4664,33.491,0.84279,126.07,0.1816,1
28.174,285.68,3.2992,33.224,0.86974,95.336,0.20389,1
25.341,145.51,2.2271,33.38,0.86135,64.033,0.26885,1
23.201,51.133,1.1813,33.431,0.86279,34.074,0.40712,1
22.664,23.696,0.314,32.267,0.90884,9.2083,0.23741,1
24.131,419,4.0902,33.977,0.87259,121.27,0.17682,1
29.422,664.46,5.1103,33.002,0.89137,150.33,0.13822,1
33.167,829.53,6.0578,33.39,0.86899,175.77,0.12946,1
35.452,942.58,6.8942,33.547,0.86547,200.17,0.12974,1
42.121,1025.8,7.5901,33.162,0.85091,214.18,0.12756,1
43.309,1077.2,8.1939,33.307,0.83347,227.46,0.12901,1
41.468,1101.7,8.5454,32.958,0.83452,235.03,0.13034,1
41.454,1101,8.8895,33.448,0.80975,240.77,0.13361,1
43.175,1077.3,9.5416,32.8,0.81591,255.35,0.14482,1
42.268,1032.4,7.8676,33.502,0.81434,214.65,0.12702,1
48.085,967.28,6.6885,32.876,0.82799,182.07,0.115,1
45.988,885.1,5.672,33.312,0.81587,154.15,0.10641,1
42.258,789.55,6.0433,33.232,0.83381,167.45,0.12957,1
39.674,677.83,3.9175,33.43,0.8277,108.4,0.097701,1
36.377,555.69,4.3942,33.162,0.8423,122.74,0.13494,1
33.531,423.64,3.3852,33.155,0.85205,95.63,0.13791,1
29.389,286.97,2.0548,33.352,0.85604,58.665,0.1249,1
26.47,147.08,1.4436,33.217,0.86247,41.357,0.17179,1
23.715,51.86,0.7216,32.519,0.87356,20.499,0.24149,1
25.491,426.41,3.6945,33.165,0.86911,106.49,0.15258,1
30.702,668.19,4.7861,32.777,0.85663,134.38,0.12287,1
36.749,831.27,5.6093,33.388,0.83025,155.49,0.11428,1
39.106,944.2,6.3861,33.259,0.7978,169.45,0.10964,1
44.347,1025.2,7.1498,32.949,0.80389,189.38,0.11286,1
45.492,1076.3,7.6777,32.531,0.79262,197.97,0.11237,1
46.57,1100.6,8.1427,31.597,0.80518,207.16,0.115,1
46.557,1100,8.2778,31.681,0.78303,205.35,0.11406,1
51.288,1076.3,8.3666,31.064,0.77049,200.25,0.11367,1
50.253,1031.5,7.9887,31.219,0.77354,192.92,0.11426,1
49.052,967.33,7.721,30.941,0.77039,184.04,0.11624,1
47.2,884.57,7.0057,31.753,0.7787,173.22,0.11964,1
45.714,786.94,6.33,30.916,0.81315,159.13,0.12354,1
43.231,676,5.5184,31.727,0.80977,141.77,0.12813,1
41.801,554.01,4.6808,31.729,0.82817,123,0.13564,1
38.85,422.18,3.6689,31.08,0.84375,96.214,0.13923,1
37.006,285.69,2.6991,31.383,0.84389,71.484,0.15287,1
33.774,145.89,1.75,31.806,0.83411,46.427,0.19442,1
30.373,52.386,0.9537,31.507,0.85164,25.59,0.29845,1
29.752,24.645,0.3643,30.839,0.88762,9.9723,0.24722,1
37.863,434.59,3.3868,32.518,0.83511,91.973,0.1293,1
45.419,674.92,4.3921,31.716,0.82183,114.48,0.10363,1
55.661,835.29,5.2541,31.316,0.80841,133.01,0.097289,1
59.157,946.51,6.0413,30.229,0.79483,145.16,0.093695,1
56.74,1026.3,6.7992,30.928,0.78799,165.7,0.098645,1
57.977,1076.4,7.5798,30.537,0.77247,178.8,0.10149,1
67.478,1099.8,7.816,30.702,0.77653,186.34,0.10351,1
58.135,1075.3,7.8846,30.66,0.77496,187.34,0.10644,1
57.218,1029.9,7.911,30.249,0.77519,185.5,0.11004,1
55.719,965.71,7.4158,30.477,0.76743,173.44,0.10973,1
54.167,883.92,6.6154,30.236,0.79272,158.56,0.1096,1
53.38,785.53,6.0702,30.722,0.79246,147.78,0.11494,1
51.209,674.61,5.2747,30.866,0.79822,129.96,0.11769,1
50.315,552.82,4.642,30.425,0.81474,115.07,0.12717,1
47.51,422.65,3.7507,31.213,0.80888,94.694,0.13688,1
44.782,285.11,2.6797,30.988,0.8201,68.1,0.14593,1
41.662,145.72,1.7471,30.925,0.83089,44.893,0.18822,1
38.932,52.514,0.8302,30.322,0.8502,21.402,0.24899,1
35.051,441.83,2.4327,32.109,0.86459,67.535,0.093384,1
41.422,675.44,2.3192,32.38,0.85765,64.405,0.058256,1
44.423,834.82,3.3207,32.48,0.85912,92.662,0.067813,1
47.368,946.42,4.8315,33.267,0.8373,134.58,0.086874,1
50.573,1025.6,4.2727,33.253,0.81829,116.26,0.069259,1
51.846,1075.4,3.799,33.599,0.8364,106.76,0.06065,1
50.556,1098.9,5.9009,33.704,0.8329,165.65,0.092095,1
50.522,1097.5,6.8467,34.156,0.80579,188.44,0.1049,1
49.221,1073.4,5.3937,33.592,0.81115,146.97,0.083652,1
48.179,1028.3,4.3409,33.334,0.82351,119.16,0.070796,1
47.675,963.26,4.7812,33.596,0.82346,132.27,0.083895,1
45.781,881.36,4.1678,33.4,0.8327,115.91,0.08035,1
43.334,784.08,2.9668,33.514,0.84091,83.611,0.065149,1
40.691,673.45,2.0866,33.415,0.84573,58.968,0.053495,1
37.556,550.61,1.5993,33.265,0.85866,45.682,0.050688,1
34.45,420.63,1.4126,33.559,0.85708,40.631,0.059015,1
30.433,284.82,0.9108,32.954,0.84781,25.446,0.054582,1
27.005,146.02,0.6584,32.75,0.86702,18.695,0.078221,1
24.66,52.725,0.3615,31.748,0.88911,10.204,0.11824,1
31.164,449.22,3.7784,33.216,0.85369,107.14,0.14571,1
37.685,678.74,4.7613,32.815,0.85692,133.89,0.12051,1
47.775,838.93,5.6931,33.339,0.82701,156.97,0.11431,1
51.169,946.89,6.6377,33.047,0.82079,180.04,0.11617,1
47.586,1026.1,7.3865,32.982,0.80748,196.72,0.11713,1
48.839,1075.2,8.0845,32.99,0.79423,211.83,0.12037,1
55.694,1097.9,8.1848,32.134,0.77786,204.59,0.11385,1
55.646,1096.2,8.26,32.554,0.7798,209.69,0.11686,1
45.764,1071.5,8.2414,32.406,0.78113,208.62,0.11895,1
44.817,1026.2,8.2005,32.41,0.7847,208.56,0.12417,1
45.127,961.65,7.6231,32.229,0.79706,195.83,0.12441,1
43.363,879.8,7.2027,32.097,0.78265,180.94,0.12565,1
43.19,781.39,6.5873,32.442,0.79635,170.19,0.13306,1
40.713,670.72,5.7427,31.802,0.80931,147.8,0.13463,1
36.155,549.31,4.9187,32.208,0.83438,132.18,0.14701,1
33.614,419.5,3.7432,31.846,0.84865,101.16,0.14733,1
32.61,282.54,3.0006,32.354,0.8426,81.801,0.17689,1
28.932,138.39,1.8855,32.109,0.86246,52.215,0.23051,1
26.144,53.067,0.9818,32.242,0.86076,27.248,0.3137,1
25.561,26.028,0.3301,31.214,0.89573,9.2294,0.21664,1
33.614,682.48,4.846,33.612,0.87545,142.6,0.12765,1
37.789,838.13,5.8162,33.634,0.85257,166.78,0.12157,1
40.56,946.7,6.4613,33.424,0.85107,183.8,0.11861,1
43.553,1024.8,7.08,31.833,0.87696,197.65,0.11783,1
44.804,1073.8,7.74,32.778,0.84292,213.85,0.12167,1
44.759,1096.6,8.0465,33.232,0.81785,218.7,0.12184,1
44.721,1095,8.3633,33.191,0.81525,226.3,0.12626,1
45.16,1070.7,8.2559,33.235,0.80623,221.22,0.12623,1
44.117,1025.7,8.1981,33.228,0.80986,220.61,0.13141,1
44.373,961.49,7.8536,33.18,0.82202,214.2,0.13611,1
42.404,879.07,7.3105,33.141,0.81494,197.44,0.13722,1
40.484,782.02,6.6815,33.022,0.83342,183.89,0.14366,1
37.935,671.81,5.8554,33.075,0.84849,164.33,0.14944,1
33.272,550.82,4.9802,32.905,0.8446,138.41,0.15351,1
30.453,420.02,3.794,32.884,0.87565,109.25,0.15891,1
28.987,284.86,2.9643,33.137,0.86453,84.921,0.18213,1
25.664,141.16,1.8595,33.198,0.86575,53.444,0.23131,1
23.107,53.937,0.9909,33.402,0.88469,29.282,0.33168,1
22.501,26.832,0.3078,31.656,0.9089,8.8561,0.20164,1
25.856,461.92,4.1327,33.335,0.90778,125.06,0.1654,1
30.691,686.24,5.0112,33.911,0.87089,147.99,0.13176,1
34.38,840.07,5.7323,32.396,0.90653,168.35,0.12243,1
36.55,947.41,6.6141,32.977,0.87156,190.1,0.12259,1
38.463,1024.7,7.2432,33.268,0.85054,204.95,0.12219,1
39.413,1073.2,7.7264,31.833,0.87258,214.61,0.12217,1
41.745,1095.6,8.0589,32.792,0.82927,219.15,0.12221,1
41.705,1093.6,8.3116,32.649,0.84124,228.28,0.12753,1
43.01,1069.1,8.3364,32.685,0.82925,225.95,0.12912,1
42.096,1023.9,8.1737,32.531,0.82931,220.51,0.13158,1
43.43,959.69,7.8598,32.368,0.82732,210.48,0.13399,1
41.71,877.29,7.3163,32.114,0.83038,195.11,0.13587,1
39.486,780.32,6.6732,32.128,0.84332,180.8,0.14156,1
37.223,671.87,5.8947,32.035,0.86563,163.46,0.14864,1
34.491,548.7,4.8472,31.886,0.8559,132.29,0.1473,1
29.276,281.53,3.1506,32.17,0.86738,87.911,0.19078,1
26.326,140.19,0.9578,32.329,0.84748,26.242,0.11436,1
23.261,54.194,0.3838,31.331,0.8963,10.778,0.1215,1
22.731,27.14,0.2817,31.546,0.89937,7.9923,0.17992,1
26.814,473.51,3.737,30.903,0.91055,105.16,0.13568,1
32.002,690.65,4.5891,33.76,0.87553,135.64,0.11999,1
37.242,844.09,5.6072,33.896,0.85293,162.11,0.11733,1
39.81,948.11,6.4663,34.066,0.83346,183.59,0.1183,1
43.684,1024,6.7203,34.064,0.83895,192.06,0.11459,1
44.858,1071.5,7.7875,33.858,0.80734,212.87,0.12137,1
46.383,1093.4,6.2879,33.455,0.80797,169.97,0.094975,1
46.325,1090.8,8.3116,33.394,0.79748,221.34,0.12397,1
51.524,1066.1,8.9721,33.098,0.78996,234.58,0.13443,1
50.33,1020.8,9.1228,33.614,0.80609,247.19,0.14794,1
48.001,955.85,7.8185,33.18,0.7895,204.81,0.13091,1
45.989,874.36,7.087,33.23,0.80196,188.86,0.13197,1
44.084,777.8,6.4229,33.069,0.81595,173.31,0.13613,1
40.513,628.34,5.4573,33.529,0.82039,150.11,0.14596,1
38.044,503.55,4.4664,33.49,0.83893,125.49,0.15225,1
35.019,372.72,3.172,33.4,0.83751,88.729,0.14544,1
33.13,232.07,2.353,33.298,0.8489,66.511,0.1751,1
29.86,99.629,1.5848,33.112,0.84599,44.394,0.27223,1
28.441,46.515,0.7266,32.444,0.86682,20.434,0.26839,1
27.797,17.737,0.2846,31.35,0.8977,8.0094,0.27588,1
27.831,397.12,3.3042,33.201,0.89245,97.904,0.15062,1
34.326,635.25,3.5813,33.057,0.82705,97.913,0.094167,1
39.557,801.97,5.219,32.637,0.86382,147.14,0.11209,1
42.596,917.17,5.9975,32.932,0.84557,167.01,0.11125,1
47.738,1002.3,6.6914,32.549,0.84028,183.01,0.11155,1
49.264,1058.3,7.3993,32.806,0.81827,198.63,0.11467,1
50.566,1088,7.6768,32.755,0.80495,202.4,0.11366,1
50.688,1092.8,7.9184,32.894,0.79775,207.79,0.11617,1
50.083,1074.9,7.9019,32.764,0.78548,203.36,0.11559,1
49.154,1036,7.816,32.751,0.78553,201.08,0.11858,1
50.525,977.06,7.4815,32.79,0.78566,192.74,0.12052,1
48.648,901.04,7.0383,32.899,0.79739,184.64,0.12519,1
45.913,809.25,6.5348,33.02,0.80585,173.89,0.13128,1
43.475,703.82,5.72,32.952,0.81765,154.11,0.13378,1
40.508,585.61,4.7812,32.78,0.83144,130.31,0.13595,1
37.686,459.53,3.8961,32.941,0.83893,107.67,0.14314,1
35.453,327.22,2.9564,32.987,0.85002,82.895,0.15477,1
32.401,185.61,2.0321,32.94,0.84,56.228,0.18507,1
29.388,62.029,1.1511,32.561,0.8552,32.054,0.31571,1
28.84,37.536,0.5399,31.633,0.87022,14.862,0.2419,1
36.271,290.45,2.5616,31.644,0.85704,69.471,0.14613,1
36.268,290.3,2.5616,31.644,0.85704,69.471,0.1462,1
33.475,152.11,1.8008,31.672,0.85523,48.778,0.19591,1
33.47,151.88,1.8008,31.672,0.85523,48.778,0.19621,1
49.16,811.26,5.5576,30.761,0.82827,141.6,0.10664,0
49.115,809.31,5.4577,30.727,0.82626,138.56,0.1046,0
49.044,806.25,5.5576,30.761,0.82827,141.6,0.1073,0
49.01,804.81,5.4577,30.727,0.82626,138.56,0.10519,0
45.372,717.83,4.8658,30.804,0.82312,123.37,0.105,0
45.366,717.56,4.8658,30.804,0.82312,123.37,0.10504,0
43.157,615.09,3.8886,30.74,0.82614,98.752,0.098088,0
43.152,614.84,3.8886,30.74,0.82614,98.752,0.098126,0
41.229,502.41,3.2447,30.918,0.85469,85.743,0.10427,0
41.226,502.28,3.2447,30.918,0.85469,85.743,0.10429,0
38.654,382.93,2.6194,30.443,0.84254,67.186,0.10719,0
38.652,382.86,2.6194,30.443,0.84254,67.186,0.10721,0
36.055,252.64,1.9053,30.508,0.84385,49.051,0.11862,0
36.053,252.57,1.9053,30.508,0.84385,49.051,0.11865,0
33.225,126.19,1.1689,30.12,0.89227,31.414,0.15209,0
33.225,126.19,1.1689,30.12,0.89227,31.414,0.15209,0
35.22,525.87,2.6446,32.621,0.85219,73.518,0.085412,0
35.265,527.61,2.6446,32.621,0.85219,73.518,0.08513,0
39.414,690.19,3.4665,32.603,0.84472,95.468,0.084508,0
39.414,690.19,3.4665,32.603,0.84472,95.468,0.084508,0
44.404,810.16,4.1534,32.404,0.84814,114.15,0.086081,0
44.407,810.27,4.1534,32.404,0.84814,114.15,0.086069,0
46.688,902.66,4.8505,32.241,0.82571,129.13,0.087397,0
46.688,902.66,4.8505,32.241,0.82571,129.13,0.087397,0
48.821,969.58,5.3862,32.036,0.83638,144.32,0.090938,0
48.821,969.61,5.3862,32.036,0.83638,144.32,0.090935,0
49.804,1012.1,5.8575,31.641,0.82612,153.11,0.092423,0
49.804,1012.1,5.8575,31.641,0.82612,153.11,0.092423,0
48.933,1031.7,6.1999,31.694,0.81847,160.83,0.095239,0
48.933,1031.7,6.1999,31.694,0.81847,160.83,0.095239,0
48.892,1029.8,6.1673,31.6,0.81572,158.97,0.094316,0
48.892,1029.8,6.1673,31.6,0.81572,158.97,0.094316,0
51.959,1007.8,6.3176,31.195,0.82115,161.83,0.098099,0
51.959,1007.8,6.3176,31.195,0.82115,161.83,0.098099,0
51.046,967.07,6.1817,31.514,0.80934,157.67,0.099607,0
51.046,967.04,6.1817,31.514,0.80934,157.67,0.09961,0
49.378,909.31,5.9327,31.481,0.81894,152.95,0.10277,0
49.377,909.27,5.9327,31.481,0.81894,152.95,0.10277,0
47.843,835.77,5.5609,31.727,0.82691,145.89,0.10665,0
47.842,835.72,5.5609,31.727,0.82691,145.89,0.10665,0
45.053,748.2,4.9711,31.487,0.83236,130.28,0.10639,0
45.053,748.2,4.9711,31.487,0.83236,130.28,0.10639,0
43.235,649.27,4.21,31.664,0.84876,113.14,0.10646,0
43.231,649.1,4.21,31.664,0.84876,113.14,0.10649,0
41.319,539.59,3.602,31.781,0.8438,96.593,0.10937,0
41.315,539.4,3.602,31.781,0.8438,96.593,0.10941,0
39.166,422.5,2.9519,31.455,0.8563,79.509,0.11497,0
39.165,422.43,2.9519,31.455,0.8563,79.509,0.11499,0
37.075,299.15,2.1283,31.925,0.85188,57.881,0.11821,0
37.064,298.59,2.1283,31.925,0.85188,57.881,0.11843,0
34.593,168.33,1.3783,31.331,0.87348,37.72,0.1369,0
34.589,168.12,1.3783,31.331,0.87348,37.72,0.13707,0
32.299,59.781,0.7844,30.635,0.87007,20.908,0.21368,0
32.299,59.766,0.7844,30.635,0.87007,20.908,0.21373,0
32.056,46.591,0.2974,30.096,0.88352,7.9079,0.1037,0
32.056,46.591,0.2974,30.096,0.88352,7.9079,0.1037,0
36.251,525.04,2.5021,32.594,0.87538,71.391,0.083072,0
36.297,526.78,2.5021,32.594,0.87538,71.391,0.082798,0
40.566,688.62,3.2674,32.921,0.86472,93.015,0.082524,0
40.568,688.69,3.2674,32.921,0.86472,93.015,0.082514,0
47.367,808.34,3.9733,32.427,0.8531,109.92,0.083075,0
47.369,808.4,3.9733,32.427,0.8531,109.92,0.083069,0
49.967,899.85,4.6643,32.239,0.84593,127.2,0.086364,0
49.968,899.89,4.6643,32.239,0.84593,127.2,0.08636,0
51.292,967.61,5.2305,32.394,0.82688,140.1,0.088461,0
51.294,967.7,5.2305,32.394,0.82688,140.1,0.088453,0
52.33,1009.6,5.6526,32.224,0.82668,150.58,0.091117,0
52.33,1009.7,5.6526,32.224,0.82668,150.58,0.091116,0
54.114,1029.3,5.9851,31.813,0.82806,157.67,0.093589,0
54.114,1029.3,5.9851,31.813,0.82806,157.67,0.093589,0
54.065,1027.3,6.1185,31.541,0.82806,159.8,0.095038,0
54.065,1027.3,6.1185,31.541,0.82806,159.8,0.095039,0
52.076,1005.7,6.1999,31.983,0.81854,162.31,0.098604,0
52.076,1005.7,6.1999,31.983,0.81854,162.31,0.098607,0
51.212,965.58,6.0276,31.912,0.82082,157.89,0.099899,0
51.21,965.5,6.0276,31.912,0.82082,157.89,0.099908,0
49.761,908.38,5.765,31.712,0.82127,150.15,0.10098,0
49.758,908.23,5.765,31.712,0.82127,150.15,0.101,0
48.27,834.6,5.3045,31.803,0.83967,141.65,0.10369,0
48.269,834.56,5.3045,31.803,0.83967,141.65,0.1037,0
45.821,747.29,4.8419,31.962,0.82279,127.33,0.1041,0
45.82,747.19,4.8419,31.962,0.82279,127.33,0.10411,0
44.063,647.91,4.1426,31.565,0.83451,109.12,0.1029,0
44.062,647.85,4.1426,31.565,0.83451,109.12,0.10291,0
42.301,538.66,3.4905,31.503,0.83451,91.764,0.10408,0
42.3,538.6,3.4905,31.503,0.83451,91.764,0.10409,0
40.17,422.7,2.7768,31.512,0.84171,73.652,0.10645,0
40.169,422.63,2.7768,31.512,0.84171,73.652,0.10647,0
38.676,300.7,2.0755,31.476,0.85755,56.022,0.11382,0
38.676,300.7,2.0755,31.476,0.85755,56.022,0.11382,0
35.958,170.48,1.3729,31.015,0.87781,37.378,0.13396,0
35.957,170.41,1.3729,31.015,0.87781,37.378,0.13401,0
32.834,59.793,0.8054,30.666,0.87375,21.58,0.2205,0
32.834,59.785,0.8054,30.666,0.87375,21.58,0.22053,0
37.394,524.21,2.5781,32.6,0.85881,72.18,0.084122,0
37.452,526.24,2.5781,32.6,0.85881,72.18,0.083798,0
42.002,686.37,3.2815,32.724,0.866,92.995,0.082776,0
42.004,686.45,3.2815,32.724,0.866,92.995,0.082767,0
46.377,805.79,4.0026,32.175,0.84375,108.66,0.082386,0
46.381,805.9,4.0026,32.175,0.84375,108.66,0.082374,0
48.906,898.48,4.6812,31.943,0.83676,125.12,0.08508,0
48.907,898.53,4.6812,31.943,0.83676,125.12,0.085076,0
52.717,964.9,5.2892,31.847,0.82777,139.44,0.088287,0
52.717,964.9,5.2892,31.847,0.82777,139.44,0.088287,0
53.865,1007,5.627,32.074,0.8126,146.66,0.088979,0
53.865,1007,5.627,32.074,0.8126,146.66,0.088977,0
54.402,1026.7,5.8955,31.068,0.84518,154.81,0.092118,0
54.402,1026.7,5.8955,31.068,0.84518,154.81,0.092118,0
54.356,1024.9,6.109,31.398,0.81956,157.2,0.093707,0
54.356,1024.9,6.109,31.398,0.81956,157.2,0.093707,0
55.997,1003,5.9368,31.379,0.82201,153.13,0.093275,0
55.997,1003,5.9368,31.379,0.82201,153.13,0.093277,0
54.974,962.91,5.9504,31.349,0.82587,154.06,0.097746,0
54.973,962.88,5.9504,31.349,0.82587,154.06,0.097748,0
52.672,905.67,5.7071,31.523,0.83182,149.65,0.10095,0
52.671,905.63,5.7071,31.523,0.83182,149.65,0.10096,0
51.039,832.72,5.2673,31.296,0.83304,137.32,0.10075,0
51.038,832.67,5.2673,31.296,0.83304,137.32,0.10076,0
50.107,746.42,4.7576,31.264,0.83008,123.47,0.10106,0
50.106,746.37,4.7576,31.264,0.83008,123.47,0.10107,0
47.891,647.4,4.1385,31.217,0.83536,107.92,0.10184,0
47.89,647.34,4.1385,31.217,0.83536,107.92,0.10185,0
44.639,538.51,3.5355,31.286,0.83142,91.965,0.10434,0
44.638,538.45,3.5355,31.286,0.83142,91.965,0.10435,0
42.185,420.93,2.7788,31.367,0.84304,73.483,0.10665,0
42.184,420.86,2.7788,31.367,0.84304,73.483,0.10667,0
39.646,299.25,1.9879,31.062,0.87491,54.023,0.1103,0
39.644,299.18,1.9879,31.062,0.87491,54.023,0.11032,0
36.933,169.28,1.3068,30.86,0.85685,34.555,0.12471,0
36.932,169.21,1.3068,30.86,0.85685,34.555,0.12476,0
40.762,523.09,2.5773,31.753,0.86844,71.071,0.083009,0
40.805,524.6,2.5773,31.753,0.86844,71.071,0.082769,0
45.319,683.46,3.3397,31.594,0.84751,89.425,0.079938,0
50.233,803.62,4.0253,31.473,0.85391,108.18,0.082242,0
52.861,896.1,4.6089,31.11,0.82832,118.77,0.080973,0
53.962,962.46,5.2747,30.556,0.82443,132.88,0.084348,0
55.041,1004.7,5.5134,30.609,0.83119,140.27,0.085298,0
59.835,1024.2,5.8509,30.872,0.80731,145.82,0.086983,0
59.788,1022.5,5.9294,30.497,0.81747,147.82,0.088324,0
57.317,1001,5.6877,30.338,0.8228,141.98,0.086655,0
56.356,960.8,5.907,30.403,0.82283,147.77,0.093964,0
58.242,903.76,5.7228,30.558,0.80949,141.56,0.095696,0
56.321,830.96,5.3978,30.431,0.81579,134,0.098523,0
54.034,744.24,4.8514,30.525,0.81668,120.94,0.099281,0
51.448,646.22,4.1439,30.676,0.82364,104.7,0.098986,0
48.491,547.89,2.5773,31.753,0.86844,71.071,0.079251,0
48.331,541.21,2.5773,31.753,0.86844,71.071,0.080229,0
48.243,537.51,3.5215,30.709,0.83035,89.796,0.10206,0
45.468,421.38,2.7392,30.801,0.85416,72.066,0.10449,0
42.315,299.05,1.9247,30.47,0.86626,50.802,0.10379,0
39.319,169.49,1.2503,30.131,0.85926,32.371,0.11669,0
39.769,521.87,2.5513,31.952,0.87374,71.226,0.083384,0
43.574,681.12,3.3034,30.87,0.84884,86.561,0.077643,0
43.58,681.35,3.3034,30.87,0.84884,86.561,0.077617,0
48.522,800.31,3.9828,31.125,0.8441,104.64,0.079881,0
48.522,800.31,3.9828,31.125,0.8441,104.64,0.079881,0
50.73,892.74,4.6139,30.781,0.84201,119.58,0.081837,0
50.731,892.79,4.6139,30.781,0.84201,119.58,0.081833,0
55.087,959.31,5.1541,30.162,0.83061,129.13,0.082235,0
55.088,959.37,5.1541,30.162,0.83061,129.13,0.08223,0
59.885,998.61,6.069,30.047,0.80292,146.42,0.089577,0
59.884,998.57,6.069,30.047,0.80292,146.42,0.08958,0
58.702,952.27,5.9913,30.33,0.81425,147.96,0.094929,0
58.702,952.27,5.9913,30.33,0.81425,147.96,0.094929,0
55.489,897.51,5.7249,30.046,0.80904,139.16,0.094729,0
55.489,897.47,5.7249,30.046,0.80904,139.16,0.094733,0
47.987,537.61,3.4673,30.499,0.83458,88.256,0.1003,0
47.986,537.55,3.4673,30.499,0.83458,88.256,0.10031,0
45.458,420.26,2.6876,30.187,0.85665,69.501,0.10104,0
45.458,420.26,2.6876,30.187,0.85665,69.501,0.10104,0
42.852,299.34,1.9834,30.286,0.86897,52.199,0.10654,0
42.85,299.27,1.9834,30.286,0.86897,52.199,0.10656,0
40.07,170.25,1.3424,30.086,0.88131,35.593,0.12773,0
40.07,170.25,1.3424,30.086,0.88131,35.593,0.12773,0
35.858,520.76,2.3778,31.855,0.86807,65.753,0.07714,0
35.908,522.76,2.3778,31.855,0.86807,65.753,0.076845,0
39.816,681.05,3.1064,30.799,0.90184,86.283,0.077402,0
39.816,681.05,3.1064,30.799,0.90184,86.283,0.077402,0
48.117,799.53,3.7709,31.216,0.8493,99.974,0.076394,0
48.119,799.59,3.7709,31.216,0.8493,99.974,0.076388,0
50.731,891.53,4.364,31.263,0.83064,113.32,0.077658,0
50.734,891.62,4.364,31.263,0.83064,113.32,0.077651,0
51.662,957.59,4.9629,30.825,0.82152,125.68,0.080181,0
51.662,957.59,4.9629,30.825,0.82152,125.68,0.080181,0
56.403,1019.4,5.6989,31.332,0.83334,148.8,0.089182,0
56.403,1019.4,5.6989,31.332,0.83334,148.8,0.089182,0
56.36,1017.8,5.8385,31.543,0.82396,151.75,0.091086,0
56.36,1017.8,5.8385,31.543,0.82396,151.75,0.091087,0
53.004,987.91,5.7736,31.181,0.81754,147.18,0.091018,0
53.003,987.85,5.7736,31.181,0.81754,147.18,0.091024,0
52.102,950.15,5.7071,30.958,0.82868,146.41,0.094142,0
52.099,950.02,5.7071,30.958,0.82868,146.41,0.094155,0
53.511,895.47,5.4296,31.022,0.82553,139.05,0.094869,0
53.51,895.44,5.4296,31.022,0.82553,139.05,0.094872,0
51.842,827.88,4.9959,30.768,0.82866,127.38,0.094,0
51.839,827.79,4.9959,30.768,0.82866,127.38,0.09401,0
50.13,742.37,4.5135,30.814,0.83703,116.41,0.095806,0
50.124,742.11,4.5135,30.814,0.83703,116.41,0.095839,0
47.705,644.15,4.0212,30.888,0.82948,103.03,0.097715,0
47.705,644.15,4.0212,30.888,0.82948,103.03,0.097715,0
41.153,419.37,2.5496,30.047,0.85297,65.344,0.095195,0
41.151,419.3,2.5496,30.047,0.85297,65.344,0.09521,0
38.603,297.2,1.8752,30.075,0.84692,47.764,0.098186,0
38.601,297.14,1.8752,30.075,0.84692,47.764,0.098208,0
36.057,519.37,2.3943,31.785,0.9055,68.911,0.081061,0
36.108,521.17,2.3943,31.785,0.9055,68.911,0.080783,0
40.595,679.08,3.2546,31.955,0.85458,88.876,0.079959,0
40.599,679.23,3.2546,31.955,0.85458,88.876,0.079941,0
43.748,797.3,3.804,32.27,0.85228,104.62,0.080169,0
43.751,797.42,3.804,32.27,0.85228,104.62,0.080157,0
46.091,889.14,4.3648,31.979,0.83577,116.66,0.080157,0
46.091,889.14,4.3648,31.979,0.83577,116.66,0.080157,0
47.221,955.13,4.9918,31.918,0.8497,135.38,0.086595,0
47.223,955.19,4.9918,31.918,0.8497,135.38,0.086589,0
48.224,997.11,5.4193,31.137,0.83053,140.14,0.08587,0
48.224,997.13,5.4193,31.137,0.83053,140.14,0.085868,0
49.499,1017,5.6691,30.845,0.82392,144.07,0.08655,0
49.499,1017,5.6691,30.845,0.82392,144.07,0.08655,0
49.464,1015.5,5.7043,30.689,0.82199,143.9,0.08657,0
49.464,1015.5,5.7043,30.689,0.82199,143.9,0.08657,0
49.955,985.85,5.8674,30.655,0.81852,147.22,0.091237,0
49.955,985.84,5.8674,30.655,0.81852,147.22,0.091239,0
49.057,948.26,5.734,30.372,0.83251,144.98,0.09341,0
46.898,741.07,4.5094,30.676,0.82071,113.53,0.093595,0
39.417,419.22,2.465,30.257,0.86431,64.463,0.093944,0
36.09,298.88,1.8289,30.334,0.8496,47.134,0.096347,0
33.216,170.5,1.2474,30.122,0.87315,32.807,0.11756,0
35.225,517.9,2.4542,32.023,0.86594,68.056,0.080283,0
39.558,676.77,3.1394,30.962,0.85218,82.835,0.074778,0
44.368,794.83,3.735,30.865,0.84731,97.678,0.07508,0
46.788,886.54,4.2583,30.783,0.84311,110.52,0.076161,0
48.71,952.57,4.8237,30.004,0.83952,121.5,0.077927,0
45.264,642.49,3.83,30.31,0.84963,98.631,0.093789,0
37.321,299.28,1.869,30.239,0.85695,48.433,0.098871,0
39.739,519.71,2.4265,30.49,0.85097,62.958,0.074012,0
39.801,521.67,2.4265,30.49,0.85097,62.958,0.073733,0
44.694,677.31,3.1452,30.203,0.84367,80.144,0.072292,0
44.694,677.31,3.1452,30.203,0.84367,80.144,0.072292,0
47.969,794.33,3.7152,30.191,0.85315,95.695,0.073602,0
47.971,794.39,3.7152,30.191,0.85315,95.695,0.073597,0
41.114,517.87,2.3625,30.355,0.86157,61.786,0.072891,0
41.159,519.44,2.3625,30.355,0.86157,61.786,0.072671,0
45.542,673.71,3.0626,30.364,0.85209,79.238,0.071856,0
45.546,673.86,3.0626,30.364,0.85209,79.238,0.07184,0
37.32,516.26,2.282,31.115,0.85938,61.02,0.072212,0
47.948,790.03,3.602,30.052,0.8491,91.913,0.071078,0
36.273,514.49,2.2799,31.209,0.89004,63.33,0.075203,0
40.395,670.74,2.9779,31.801,0.84851,80.354,0.073191,0
46.774,787.46,3.569,31.394,0.85313,95.588,0.074162,0
49.338,877.71,4.124,31.397,0.8472,109.7,0.076357,0
52.29,943.47,4.7432,31.558,0.8296,124.18,0.080411,0
52.007,996.39,5.4523,31.076,0.82665,140.06,0.085881,0
51.984,995.43,5.2739,30.944,0.82643,134.87,0.082776,0
51.963,975.75,5.5692,30.989,0.82147,141.77,0.088769,0
37.64,513.23,2.1767,31.101,0.87657,59.341,0.070638,0
41.737,668.56,2.8693,30.302,0.85067,73.962,0.067588,0
48.711,785.23,3.3806,30.389,0.86483,88.847,0.069127,0
51.289,875.97,4.0625,30.765,0.84307,105.37,0.073491,0
51.497,983.41,5.0422,30.344,0.81852,125.23,0.077801,0
53.575,994.3,5.3449,30.784,0.82286,135.39,0.083192,0
44.261,529.92,3.1559,30.094,0.82674,78.519,0.090525,0
41.463,510.94,2.244,31.69,0.87447,62.185,0.074356,0
46.343,666.14,2.923,31.193,0.86607,78.966,0.072423,0
52.009,782.77,3.6123,30.932,0.84847,94.805,0.073995,0
54.885,874.24,3.9345,31.011,0.85385,104.18,0.072805,0
56.028,939.65,4.7345,30.659,0.83125,120.66,0.078451,0
